filename,title,author,subtitle,confidence,language,rel_path
" EL MERCADO AGREDIDO, LA ANTIECONOMÍA DE LA MAFIA INSTITUCIONALIZADA.jpg",EL MERCADO AGREDIDO,SYDNEY D'AGVILO,La antieconomía de la mafia institucionalizada,0.9,es," EL MERCADO AGREDIDO, LA ANTIECONOMÍA DE LA MAFIA INSTITUCIONALIZADA.jpg"
 EL MODUS OPERANDI DEL ESTADO ORGANIZADO.jpg,Mafiæstado,SYDNEY D'AGVILO,EL MODUS OPERANDI DEL ESTADO ORGANIZADO,0.9,es, EL MODUS OPERANDI DEL ESTADO ORGANIZADO.jpg
 La singularidad está más cerca_.jpg,La singularidad está más cerca,Ray Kurzweil,Cuando nos fusionamos con la IA,0.9,es, La singularidad está más cerca_.jpg
"Democracia, Justicia y Socialismo.jpg","DEMOCRACIA, JUSTICIA Y SOCIALISMO",Friedrich A. Hayek,Tercera edición,0.9,es," Unión Editorial\_Hayek\Democracia, Justicia y Socialismo.jpg"
Ensayos de Teoría Monetaria.jpg,Ensayos de teoría monetaria I,F.A. Hayek,,0.9,es, Unión Editorial\_Hayek\Ensayos de Teoría Monetaria.jpg
Hayek Su contribución al pensamiento político y económico de nuestro tiempo - Eamonn Butler.jpg,Hayek,Eamonn Butler,Su contribución al pensamiento político y económico de nuestro tiempo,0.9,es, Unión Editorial\_Hayek\Hayek Su contribución al pensamiento político y económico de nuestro tiempo - Eamonn Butler.jpg
Las Vicisitudes del Liberalismo.jpg,LAS VICISITUDES DEL LIBERALISMO,F.A. HAYEK,Ensayos sobre Economía Austriaca y el ideal de libertad,1.0,es, Unión Editorial\_Hayek\Las Vicisitudes del Liberalismo.jpg
Socialismo y Guerra - Hayek.jpg,SOCIALISMO Y GUERRA,F.A. HAYEK,"Ensayos, Documentos, Reseñas",1.0,es, Unión Editorial\_Hayek\Socialismo y Guerra - Hayek.jpg
_Tráfico y Consumo de Drogas.jpg,TRÁFICO Y CONSUMO DE DROGAS,Ronald Hamowy (ed.),Consecuencias de su control por el Gobierno,0.9,es, Unión Editorial\_Tráfico y Consumo de Drogas.jpg
Adiós al Estado-Nación.jpg,ADIOS AL ESTADO-NACIÓN,JUAN PINA,UNA PERSPECTIVA LIBERTARIA DE LA GOBERNANZA POLÍTICA,0.9,es, Unión Editorial\Adiós al Estado-Nación.jpg
BORGES Y LA ECONOMÍA.jpg,Borges,Martín Krause,y la economía,0.9,es, Unión Editorial\Atlas Libertas\BORGES Y LA ECONOMÍA.jpg
El-Consorcio.jpg,EL CONSORCIO,Ricardo M. Rojas,,1.0,es, Unión Editorial\Atlas Libertas\El-Consorcio.jpg
_La teoría de la Explotación - Bawerk.jpg,La teoría de la explotación,Eugen von Böhm-Bawerk; Joaquín Reig Albiol,,0.9,es, Unión Editorial\Biblioteca Austriaca\_La teoría de la Explotación - Bawerk.jpg
"_Valor, capital e interés - Bawerk.jpg","Valor, capital, interés",Eugen von Böhm-Bawerk; José Antonio de Aguirre,EL MANUSCRITO DE 1876,0.9,es," Unión Editorial\Biblioteca Austriaca\_Valor, capital e interés - Bawerk.jpg"
Antropología filosófica cristiana y economía de mercado.jpg,Antropología filosófica cristiana y economía de mercado,Gabriel J. Zanotti,,0.9,es, Unión Editorial\Biblioteca Austriaca\Antropología filosófica cristiana y economía de mercado.jpg
Conocimiento Vs. Información - Gabriel Zanotti.jpg,Conocimiento versus Información,Gabriel J. Zanotti,Prólogo de Adrián O. Ravier,0.9,es, Unión Editorial\Biblioteca Austriaca\Conocimiento Vs. Información - Gabriel Zanotti.jpg
El fin de la economía - Sergio Ricossa.jpg,El fin de la economía,Sergio Riccosa,[ENSAYO SOBRE LA PERFECCIÓN],0.9,es, Unión Editorial\Biblioteca Austriaca\El fin de la economía - Sergio Ricossa.jpg
El orden sin plan - Lorenzo Infantino.jpg,El orden sin plan,Lorenzo Infantino,LAS RAZONES DEL INDIVIDUALISMO METODOLÓGICO,0.9,es, Unión Editorial\Biblioteca Austriaca\El orden sin plan - Lorenzo Infantino.jpg
Ignorancia y Libertad - Lorenzo Infantino.jpg,Ignorancia y libertad,Lorenzo Infantino,,1.0,es, Unión Editorial\Biblioteca Austriaca\Ignorancia y Libertad - Lorenzo Infantino.jpg
Karl Popper_ Revisión de su legdo.jpg,Karl R. Popper: Revisión de su legado,Wenceslao J. González,,0.9,es, Unión Editorial\Biblioteca Austriaca\Karl Popper_ Revisión de su legdo.jpg
la escuela austriaca desde adentro ..jpg,La Escuela Austriaca desde adentro,Adrián O. Ravier,[HISTORIAS E IDEAS DE SUS PENSADORES] Volumen 1,0.9,es, Unión Editorial\Biblioteca Austriaca\la escuela austriaca desde adentro ..jpg
la escuela austriaca desde adentro.jpg,La Escuela Austriaca desde adentro,Adrián O. Ravier,[HISTORIAS E IDEAS DE SUS PENSADORES] Volumen II,0.9,es, Unión Editorial\Biblioteca Austriaca\la escuela austriaca desde adentro.jpg
La globalización como orden espontáneo - Adrián Ravier.jpg,La globalización como orden espontáneo,Adrián O. Ravier,Prólogo de Lorenzo Infantino,0.9,es, Unión Editorial\Biblioteca Austriaca\La globalización como orden espontáneo - Adrián Ravier.jpg
La Viena de Popper - Dario Antiseri.jpg,La Viena de Popper,Dario Antiseri,,0.9,es, Unión Editorial\Biblioteca Austriaca\La Viena de Popper - Dario Antiseri.jpg
ATLAS-DEL-LIBERALISMO.jpg,ATLAS DEL LIBERALISMO,Raimondo Cubeddu,,0.9,es, Unión Editorial\Biblioteca de la Libertad\ATLAS-DEL-LIBERALISMO.jpg
Cinco pensadores liberales - Julio H. Cole.jpg,CINCO PENSADORES LIBERALES,Julio H. Cole,,0.9,es, Unión Editorial\Biblioteca de la Libertad\Cinco pensadores liberales - Julio H. Cole.jpg
Debates-economicos-en-tiempos-de-crisis.jpg,Debates económicos en tiempos de crisis,Ángel Soto; Paulo Roberto de Almeida; Carolina Cerrano; Sebastián Edwards; Fabián Herrera; Carlos Newland; José A. Sánchez Román,La Conferencia Monetaria de Londres y América Latina,0.9,es, Unión Editorial\Biblioteca de la Libertad\Debates-economicos-en-tiempos-de-crisis.jpg
DESARROLLO-Y-CALIDAD-DE-VIDA.jpg,DESARROLLO,CARLOS SABINO; Manuel F. Ayau Córdoba,Y CALIDAD DE VIDA,0.9,es, Unión Editorial\Biblioteca de la Libertad\DESARROLLO-Y-CALIDAD-DE-VIDA.jpg
El liberalismo económico en 10 en principios.jpg,EL LIBERALISMO ECONÓMICO,Iván Carrino; Gloria Álvarez,EN 10 PRINCIPIOS,0.9,es, Unión Editorial\Biblioteca de la Libertad\El liberalismo económico en 10 en principios.jpg
EL-GENIO-DE-OCCIDENTE.jpg,EL GENIO DE OCCIDENTE,LOUIS ROUGIER; Presentación de F.A. Hayek,[Raíces clásicas y cristianas de la civilización occidental],0.9,es, Unión Editorial\Biblioteca de la Libertad\EL-GENIO-DE-OCCIDENTE.jpg
EN DESEQUILIBRIO.jpeg,EN DESEQUILIBRIO,IVO A. SARJANOVIC,Ensayos sobre procesos de mercado,1.0,es, Unión Editorial\Biblioteca de la Libertad\EN DESEQUILIBRIO.jpeg
LA FIGURA EMPRESARIAL EN EL PENSAMIENTO ECONÓMICO 2A. EDICIÓN.jpg,LA FIGURA EMPRESARIAL EN EL PENSAMIENTO ECONÓMICO,MARÍA CLARA D. PÉREZ VILA,Una aproximación histórica,0.9,es, Unión Editorial\Biblioteca de la Libertad\LA FIGURA EMPRESARIAL EN EL PENSAMIENTO ECONÓMICO 2A. EDICIÓN.jpg
La Inteligencia del Dinero.jpg,LA INTELIGENCIA DEL DINERO,ALBERTO MINGARDI,Por qué el mercado también es apropiado cuando se equivoca,0.9,es, Unión Editorial\Biblioteca de la Libertad\La Inteligencia del Dinero.jpg
La Libre Empresa - Francisco Pérez de Anton.jpg,LA LIBRE EMPRESA,FRANCISCO PÉREZ DE ANTÓN,"Una introducción a sus fundamentos morales, jurídicos y económicos",0.9,es, Unión Editorial\Biblioteca de la Libertad\La Libre Empresa - Francisco Pérez de Anton.jpg
La metodología del análisis económico.jpg,LA METODOLOGÍA DEL ANÁLISIS ECONÓMICO,Julio H. Cole,y otros ensayos,0.9,es, Unión Editorial\Biblioteca de la Libertad\La metodología del análisis económico.jpg
Sentido Liberal - Héctor Ñaupari.jpg,SENTIDO LIBERAL,HÉCTOR NAUPARI,El urgente sendero de la Libertad,0.9,es, Unión Editorial\Biblioteca de la Libertad\Sentido Liberal - Héctor Ñaupari.jpg
_ensayos-de-teoria-economica-volumen-i.jpg,Ensayos de teoría económica,Eugen von Böhm-Bawerk,Volumen I,0.9,es, Unión Editorial\Clásicos de la Libertad\_ensayos-de-teoria-economica-volumen-i.jpg
Guia-de-la-Libertad-para-principiantes.jpg,GUÍA DE LA LIBERTAD PARA PRINCIPIANTES,RICHARD WELLINGS (Ed.),,0.9,es, Unión Editorial\Colección Avance\Guia-de-la-Libertad-para-principiantes.jpg
71RQGIcbh-L._SY466_.jpg,LA DEMOCRACIA INDIVIDUALISTA,YVES GUYOT,,0.9,es, Unión Editorial\Colección La Antorcha\71RQGIcbh-L._SY466_.jpg
como-se-razona-en-filosofia.jpg,CÓMO SE RAZONA EN FILOSOFÍA,DARIO ANTISERI,POR QUÉ Y CÓMO ENSEÑAR HISTORIA DE LA FILOSOFÍA,0.9,es, Unión Editorial\Colección La Antorcha\como-se-razona-en-filosofia.jpg
El-amanecer-de-la-libertad.jpg,EL AMANECER DE LA LIBERTAD,CARLOS SABINO,LA INDEPENDENCIA DE AMÉRICA LATINA,0.9,es, Unión Editorial\Colección La Antorcha\El-amanecer-de-la-libertad.jpg
EL-ESTADO-MODERNO-2.jpg,EL ESTADO MODERNO,Nicola Matteucci,léxico y exploraciones,0.9,es, Unión Editorial\Colección La Antorcha\EL-ESTADO-MODERNO-2.jpg
lecciones-de-historia-del-pensamiento-politico-volumen-ii.jpg,Lecciones de historia del pensamiento político,MICHAEL OAKESHOTT; Francisco Javier López Atanes,VOLÚMEN II. EL CARÁCTER DEL ESTADO EUROPEO MODERNO,0.9,es, Unión Editorial\Colección La Antorcha\lecciones-de-historia-del-pensamiento-politico-volumen-ii.jpg
leo-strauss-sobre-cristianismo-liberalismo-y-economia-1.jpg,"Leo Strauss sobre Cristianismo, Liberalismo y Economía",Raimondo Cubeddu,,0.9,es, Unión Editorial\Colección La Antorcha\leo-strauss-sobre-cristianismo-liberalismo-y-economia-1.jpg
Organizaciones.jpg,ORGANIZACIONES,ANTONIO COCOZZA,"CULTURAS, MODELOS, GOBERNANZA",0.9,es, Unión Editorial\Colección La Antorcha\Organizaciones.jpg
TURGOT.jpg,"Turgot, el último ilustrado",Paloma de la Nuez,,0.9,es, Unión Editorial\Colección La Antorcha\TURGOT.jpg
CREADORES-DE-RIQUEZA.jpg,Creadores de riqueza,Alejandro Gómez,Emprendedores que cambiaron nuestras vidas,0.9,es, Unión Editorial\CREADORES-DE-RIQUEZA.jpg
51S2+DcRxFL._SY466_.jpg,África es así,José-Ramón Ferrandis Muñoz,Instituciones o pobreza,0.9,es, Unión Editorial\Cristianismo y Economía de Mercado\51S2+DcRxFL._SY466_.jpg
CRIMEN DE ESTADO.jpg,CRIMEN DE ESTADO,JOSÉ-RAMÓN FERRANDIS MUÑOZ,Cristianismo y Economía de Mercado,0.9,es, Unión Editorial\Cristianismo y Economía de Mercado\CRIMEN DE ESTADO.jpg
Globalización y generación de riqueza.png,GLOBALIZACIÓN Y GENERACIÓN DE RIQUEZA,JOSÉ-RAMÓN FERRANDIS MUÑOZ,SEGUNDA EDICIÓN,0.9,es, Unión Editorial\Cristianismo y Economía de Mercado\Globalización y generación de riqueza.png
Los Ricos ante la Opinión Pública - Rainer Zitelmann.jpg,LOS RICOS ANTE LA OPINIÓN PÚBLICA,Rainer Zitelmann,Cristianismo y Economía de Mercado,0.9,es, Unión Editorial\Cristianismo y Economía de Mercado\Los Ricos ante la Opinión Pública - Rainer Zitelmann.jpg
Un-liberal-cristiano.jpg,UN LIBERAL CRISTIANO,RAFAEL TERMES,HOMENAJE A RAFAEL TERMES,0.9,es, Unión Editorial\Cristianismo y Economía de Mercado\Un-liberal-cristiano.jpg
EL MISTERIO DEL DINERO.jpeg,El misterio del dinero,José Antonio de Aguirre,Segunda edición,0.9,es, Unión Editorial\Cuadernos Liberales\EL MISTERIO DEL DINERO.jpeg
EL PAPA FRANCISCO. LA SOCIEDAD ABIERTA Y LA DOCTRINA SOCIAL DE LA IGLESIA.jpg,"EL PAPA FRANCISCO, LA SOCIEDAD ABIERTA Y LA DOCTRINA SOCIAL DE LA IGLESIA",Lorenzo Infantino,Fratelli Tutti (Hermanos Todos),0.9,es, Unión Editorial\Cuadernos Liberales\EL PAPA FRANCISCO. LA SOCIEDAD ABIERTA Y LA DOCTRINA SOCIAL DE LA IGLESIA.jpg
Espana-y-la-decada-perdida.jpg,España,José Antonio de Aguirre,y la década perdida,0.9,es, Unión Editorial\Cuadernos Liberales\Espana-y-la-decada-perdida.jpg
LA UNIÓN EUROPEA EN LA ENCRUCIJADA.jpg,La Unión Europea en la encrucijada,Juergen B. Donges,,0.9,es, Unión Editorial\Cuadernos Liberales\LA UNIÓN EUROPEA EN LA ENCRUCIJADA.jpg
La-batalla-contra-la-pobreza-y-la-desigualdad.jpg,LA BATALLA CONTRA LA POBREZA Y LA DESIGUALDAD,José Antonio de Aguirre,,0.9,es, Unión Editorial\Cuadernos Liberales\La-batalla-contra-la-pobreza-y-la-desigualdad.jpg
La-Escuela-Austriaca-en-los-negocios.jpg,LA ESCUELA AUSTRIACA EN LOS NEGOCIOS,Alberto Benegas Lynch (h); Adrián Ravier,,0.9,es, Unión Editorial\Cuadernos Liberales\La-Escuela-Austriaca-en-los-negocios.jpg
La-revolucion-capitalista-de-China.jpg,La revolución capitalista de China,José Antonio de Aguirre,,0.9,es, Unión Editorial\Cuadernos Liberales\La-revolucion-capitalista-de-China.jpg
sxhfdxh.jpg,Cinco manifiestos liberales,José María Méndez,(2015-2019),0.9,es, Unión Editorial\Cuadernos Liberales\sxhfdxh.jpg
¿ES LA INFLACIÓN LA PRÓXIMA AMENAZA_.jpg,¿Es la inflación la próxima amenaza?,Juan Castañeda Fernández; Tim Congdon,,0.9,es, Unión Editorial\Cuadernos Liberales\¿ES LA INFLACIÓN LA PRÓXIMA AMENAZA_.jpg
_ Individuo y Sociedad - Ricardo M. Rojas.jpg,INDIVIDUO Y SOCIEDAD,RICARDO M. ROJAS,Seis ensayos desde el individualismo metodológico,0.9,es, Unión Editorial\Derecho y Libertad\_ Individuo y Sociedad - Ricardo M. Rojas.jpg
JUSTICIA A LA VENTA DESCUBRE EL PRECIO DE LA CORRUPCIÓN.jpg,JUSTICIA A LA VENTA,PABLO SÁNCHEZ NASSIF,Descubre el precio de la corrupción,0.9,es, Unión Editorial\Derecho y Libertad\JUSTICIA A LA VENTA DESCUBRE EL PRECIO DE LA CORRUPCIÓN.jpg
LA SUPRESIÓN DE LA PROPIEDAD COMO CRIMEN DE LESA HUMANIDAD. EL CASO VENEZUELA.jpg,LA SUPRESIÓN DE LA PROPIEDAD COMO CRIMEN DE LESA HUMANIDAD,RICARDO M. ROJAS; ANDREA RONDÓN GARCÍA,El caso Venezuela,0.9,es, Unión Editorial\Derecho y Libertad\LA SUPRESIÓN DE LA PROPIEDAD COMO CRIMEN DE LESA HUMANIDAD. EL CASO VENEZUELA.jpg
la-decision-judicial-y-la-certidumbre-juridica.jpg,LA DECISIÓN JUDICIAL Y LA CERTIDUMBRE JURÍDICA,RICARDO MANUEL ROJAS,,1.0,es, Unión Editorial\Derecho y Libertad\la-decision-judicial-y-la-certidumbre-juridica.jpg
EL-PODER-FISCAL.jpg,El poder fiscal,Geoffrey Brennan; James M. Buchanan,Fundamentos analíticos de una constitución fiscal,1.0,es, Unión Editorial\EL-PODER-FISCAL.jpg
EMPRESAS-FAMILIARES.jpg,EMPRESAS FAMILIARES: LA PROFESIONALIZACIÓN DE LOS CONSEJEROS DE FAMILIA,FERNANDO NOGALES LOZANO,,1.0,es, Unión Editorial\Empresa Familiar\EMPRESAS-FAMILIARES.jpg
la-educacion-econommica-de-las-empresas-familiars1-95c3.png,LA EDUCACIÓN ECONÓMICA DE LAS EMPRESAS FAMILIARES,FERNANDO NOGALES LOZANO,Desde la perspectiva de la Escuela Austriaca de Economía,0.9,es, Unión Editorial\Empresa Familiar\la-educacion-econommica-de-las-empresas-familiars1-95c3.png
la-importancia-del-empresario-familiar-en-la-riqueza-de.png,LA IMPORTANCIA DEL EMPRESARIO FAMILIAR EN LA RIQUEZA DE LOS PAÍSES,FERNANDO NOGALES LOZANO (Coordinador),,0.9,es, Unión Editorial\Empresa Familiar\la-importancia-del-empresario-familiar-en-la-riqueza-de.png
Lecturas-para-una-teoria-economica.jpg,Teoría económica de la empresa,ADRIÁN O. RAVIER; LEONARDO RAVIER,Del contractualismo a la Escuela Austriaca y el Constitucionalismo,0.9,es, Unión Editorial\Empresa Familiar\Lecturas-para-una-teoria-economica.jpg
Teoría económica de la empresa.jpg,Teoría económica de la empresa,Adrián O. Ravier; Leonardo Ravier,Del contractualismo a la Escuela Austriaca y el Constitucionalismo,0.9,es, Unión Editorial\Empresa Familiar\Teoría económica de la empresa.jpg
filosofixxa-para-filoxxsofos.jpg,Filosofía para filósofos,Gabriel J. Zanotti,,0.9,es, Unión Editorial\filosofixxa-para-filoxxsofos.jpg
IMG_20250415_154341.jpg,LA MÁQUINA FINANCIERA DEL EXPOLIO,Vicente Moreno; Alberto Romero,CÓMO BANCOS Y GOBIERNOS SE LUCRAN A TU COSTA,0.9,es, Unión Editorial\IMG_20250415_154341.jpg
IMG_20250416_162447.jpg,FUNDAMENTOS DE LA BANCA CENTRAL Y DE LA LIBERTAD BANCARIA,VERA C. SMITH,,0.9,es, Unión Editorial\IMG_20250416_162447.jpg
La sabiduría de Henry Hazlitt.jpg,La sabiduría de,Henry Hazlitt,,0.9,es, Unión Editorial\La sabiduría de Henry Hazlitt.jpg
La-familia-en-la-actualidad-1.jpg,"LA FAMILIA EN LA ACTUALIDAD, PROFECÍA DE UNA NUEVA HUMANIDAD",JUAN JOSÉ PÉREZ-SOBA DIEZ DEL CORRAL,,0.9,es, Unión Editorial\La-familia-en-la-actualidad-1.jpg
la-libertad-de-emision-del-dinero-bancario.jpg,LA LIBERTAD DE EMISIÓN DEL DINERO BANCARIO,GEORGE A. SELGIN,Crítica del monopolio del Banco Emisor Central,0.9,es, Unión Editorial\la-libertad-de-emision-del-dinero-bancario.jpg
la-teoria-austriaca-del-valor-el-capital-y-el-interes.jpg,"LA TEORÍA AUSTRIACA DEL VALOR, EL CAPITAL Y EL INTERÉS",Klaus H. Hennings,Vida y obra de Eugen von Böhm-Bawerk,0.9,es, Unión Editorial\la-teoria-austriaca-del-valor-el-capital-y-el-interes.jpg
Adam-Smith-Resumido.jpg,Adam Smith: La riqueza de las naciones y La teoría de los sentimientos morales,Eamonn Butler,resumidas,0.9,es, Unión Editorial\Laissez-Faire\Adam-Smith-Resumido.jpg
El-rostro-humano-del-capitalismo-global.jpg,EL ROSTRO HUMANO DEL CAPITALISMO GLOBAL,Adrián O. Ravier,"Ensayos de Historia, Política y Economía",0.9,es, Unión Editorial\Laissez-Faire\El-rostro-humano-del-capitalismo-global.jpg
La-amenaza-de-huelga.jpg,LA AMENAZA DE HUELGA,William H. Hutt,Consecuencias económicas de la contratlación colectiva,0.9,es, Unión Editorial\Laissez-Faire\La-amenaza-de-huelga.jpg
la-contratacion-colectiva.jpg,LA CONTRATACIÓN COLECTIVA,William H. Hutt; Juan Pablo Maldonado Moreno,,0.9,es, Unión Editorial\Laissez-Faire\la-contratacion-colectiva.jpg
PRINCIPIOS-LIBERALES.jpg,PRINCIPIOS LIBERALES,Dario Antiseri,,0.9,es, Unión Editorial\Laissez-Faire\PRINCIPIOS-LIBERALES.jpg
lecciones-breves-de-una-crisis-economica-2007-2014.jpg,Lecciones breves de una crisis económica,José Antonio de Aguirre,2007-2014,0.9,es, Unión Editorial\lecciones-breves-de-una-crisis-economica-2007-2014.jpg
Bienestar-para-todos.jpg,Bienestar para todos,Ludwig Erhard; Enrique Tierno Galván,,0.9,es, Unión Editorial\Monografías\Bienestar-para-todos.jpg
Cartas-de-un-culpable-liberal.jpg,Cartas de un «culpable» liberal,Álvaro Lodares Pérez; Bernardo Rabassa,Prólogo de Bernardo Rabassa,0.9,es, Unión Editorial\Monografías\Cartas-de-un-culpable-liberal.jpg
CONTRA-EL-INTERVENCIONISMO.jpg,Contra el intervencionismo,Álvaro Lodares Pérez,Prólogo de Jesús Huerta de Soto,0.9,es, Unión Editorial\Monografías\CONTRA-EL-INTERVENCIONISMO.jpg
Desde-la-Libertad.jpg,Desde la Libertad,Álvaro Lodares Pérez,Prólogo de Lorenzo Bernaldo de Quirós,0.9,es, Unión Editorial\Monografías\Desde-la-Libertad.jpg
Escritos-liberales.jpg,Escritos liberales,Álvaro Ladares Pérez,Prólogo de Francisco Cabrillo Prefacio de Juan Ramón Rallo,0.9,es, Unión Editorial\Monografías\Escritos-liberales.jpg
etica-clasicos.jpg,ÉTICA,LEONARDO POLO,Hacia una versión moderna de los temas clásicos,0.9,es, Unión Editorial\Monografías\etica-clasicos.jpg
etica-economica.jpg,Ética económica,Arthur F. Utz,Introducción de Santiago García Echevarría,0.9,es, Unión Editorial\Monografías\etica-economica.jpg
JUSTICIA A LA VENTA DESCUBRE EL PRECIO DE LA CORRUPCIÓN.jpg,Nación y nacionalismos,JOAN COSTA BOU,,0.9,es, Unión Editorial\Monografías\JUSTICIA A LA VENTA DESCUBRE EL PRECIO DE LA CORRUPCIÓN.jpg
POBREZA-Y-MERCADO.jpg,Pobreza y mercado,Álvaro Lodares Pérez,Prólogo de Dalmacio Negro,0.9,es, Unión Editorial\Monografías\POBREZA-Y-MERCADO.jpg
61tJ6cfLDyL._SY466_.jpg,LA ECONOMÍA Y EL BIENESTAR PÚBLICO,BENJAMIN M. ANDERSON,HISTORIA FINANCIERA Y ECONÓMICA DE LOS ESTADOS UNIDOS (1914-1946),0.9,es, Unión Editorial\Nueva Biblioteca de la Libertad\61tJ6cfLDyL._SY466_.jpg
_EL-VERDADERO-LINCOLN.jpg,EL VERDADERO LINCOLN,THOMAS J. DILORENZO,"UNA NUEVA VISIÓN DE ABRAHAM LINCOLN, SU PROGRAMA Y UNA GUERRA INNECESARIA",0.9,es, Unión Editorial\Nueva Biblioteca de la Libertad\_EL-VERDADERO-LINCOLN.jpg
_La Educación y el Estado - E.G. West.jpg,LA EDUCACIÓN Y EL ESTADO,E. G. WEST,Un Estudio de Economía Política,0.9,es, Unión Editorial\Nueva Biblioteca de la Libertad\_La Educación y el Estado - E.G. West.jpg
_La soberanía del individuo - Pierre Lemieux.jpg,LA SOBERANÍA DEL INDIVIDUO,PIERRE LEMIEUX,FUNDAMENTOS Y CONSECUENCIAS DEL NUEVO LIBERALISMO,0.9,es, Unión Editorial\Nueva Biblioteca de la Libertad\_La soberanía del individuo - Pierre Lemieux.jpg
_maxxs-allaxx-de-la-oferta-y-la-demanda.jpg,Más allá de la oferta y la demanda,Wilhelm Röpke,segunda edición,0.9,es, Unión Editorial\Nueva Biblioteca de la Libertad\_maxxs-allaxx-de-la-oferta-y-la-demanda.jpg
CONDUCTA-HUMANA-Y-SOCIEDAD-CIVIL.jpg,CONDUCTA HUMANA Y SOCIEDAD CIVIL,FRANCISCO JAVIER LÓPEZ ATANES,INTRODUCCIÓN A LA FILOSOFÍA POLÍTICA DE M. OAKESHOTT,0.9,es, Unión Editorial\Nueva Biblioteca de la Libertad\CONDUCTA-HUMANA-Y-SOCIEDAD-CIVIL.jpg
EL DESAFÍO DE HAYEK.jpg,El desafío de Hayek,Bruce Caldwell,UNA BIOGRAFÍA INTELECTUAL DE F.A. HAYEK,0.9,es, Unión Editorial\Nueva Biblioteca de la Libertad\EL DESAFÍO DE HAYEK.jpg
EL-IDEAL-CULTURAL-DEL-LIBERALISMO.jpg,EL IDEAL CULTURAL DEL LIBERALISMO,Andreas A. Böhmler,La filosofía política del ordo-liberalismo,0.9,es, Unión Editorial\Nueva Biblioteca de la Libertad\EL-IDEAL-CULTURAL-DEL-LIBERALISMO.jpg
EL-NEW-DEAL-DEL-COMERCIO-GLOBAL.jpg,EL NEW DEAL DEL COMERCIO GLOBAL,APARICIO CAICEDO,GÉNESIS IDEOLÓGICA DEL ORDENAMIENTO ECONÓMICO DE LA POSGUERRA,0.9,es, Unión Editorial\Nueva Biblioteca de la Libertad\EL-NEW-DEAL-DEL-COMERCIO-GLOBAL.jpg
"Escuela Austríaca en los Negocios_ Teoría del Caos, Pensa, Pensatiemo no Lineal y la Perspectiva Ética.png","ESCUELA AUSTRÍACA EN LOS NEGOCIOS: TEORÍA DEL CAOS, PENSAMIENTO NO LINEAL Y LA PERSPECTIVA ÉTICA",Alberto Benegas Lynch (h); Adrián Ravier,,0.9,es," Unión Editorial\Nueva Biblioteca de la Libertad\Escuela Austríaca en los Negocios_ Teoría del Caos, Pensa, Pensatiemo no Lineal y la Perspectiva Ética.png"
estudios-de-politica-economica.jpg,Estudios de política económica,Juergen B. Donges,(1998-2006),0.9,es, Unión Editorial\Nueva Biblioteca de la Libertad\estudios-de-politica-economica.jpg
FUNDAMENTOS-DE-LA-BANCA-CENTRAL-Y-DE-LA-LIBERTAD-BANCARIA.jpg,Fundamentos de la banca central y de la libertad bancaria,Vera C. Smith,,0.9,es, Unión Editorial\Nueva Biblioteca de la Libertad\FUNDAMENTOS-DE-LA-BANCA-CENTRAL-Y-DE-LA-LIBERTAD-BANCARIA.jpg
la-agricultura-y-el-estado.jpg,LA AGRICULTURA Y EL ESTADO,"E.C. PASOUR, JR.; RANDAL R. RUCKER",UN ANÁLISIS CRÍTICO SOBRE LA INTERVENCIÓN DEL ESTADO EN LA AGRICULTURA,0.9,es, Unión Editorial\Nueva Biblioteca de la Libertad\la-agricultura-y-el-estado.jpg
la-economia-del-tiempo-y-de-la-ignorancia.jpg,LA ECONOMÍA DEL TIEMPO Y DE LA IGNORANCIA,"GERALD P. O'DRISCOLL, Jr.; MARIO J. RIZZO",,1.0,es, Unión Editorial\Nueva Biblioteca de la Libertad\la-economia-del-tiempo-y-de-la-ignorancia.jpg
la-fuerza-economica-de-la-libertad.jpg,LA FUERZA ECONÓMICA DE LA LIBERTAD,JOSÉ JUAN FRANCH,,0.9,es, Unión Editorial\Nueva Biblioteca de la Libertad\la-fuerza-economica-de-la-libertad.jpg
la-teoria-de-la-economia.jpg,LA TEORÍA DE LA ECONOMÍA,Wilhelm Röpke,QUINTA EDICIÓN,0.9,es, Unión Editorial\Nueva Biblioteca de la Libertad\la-teoria-de-la-economia.jpg
las-raices-del-capitalismo-1.jpg,LAS RAÍCES DEL CAPITALISMO,John Chamberlain,,1.0,es, Unión Editorial\Nueva Biblioteca de la Libertad\las-raices-del-capitalismo-1.jpg
Liberalismo-contra-liberalismo.jpg,Liberalismo contra liberalismo,Javier Aranzadi del Cerro,Análisis teórico de las obras de Ludwig von Mises y Gary Becker,0.9,es, Unión Editorial\Nueva Biblioteca de la Libertad\Liberalismo-contra-liberalismo.jpg
liberalismo-y-estatismo-en-el-siglo-de-oro-espanol.jpg,Liberalismo y estatismo en el siglo de oro español,Rogelio Fernández Delgado,,0.9,es, Unión Editorial\Nueva Biblioteca de la Libertad\liberalismo-y-estatismo-en-el-siglo-de-oro-espanol.jpg
Libro Faltante.webp,ECOLOGÍA DE MERCADO,TERRY L. ANDERSON; DONALD R. LEAL,,0.9,es, Unión Editorial\Nueva Biblioteca de la Libertad\Libro Faltante.webp
plan-accioxxn-y-mercado.jpg,"PLAN, ACCIÓN Y MERCADO",ÁNGEL RODRÍGUEZ GARCÍA-BRAZALES,UN ANÁLISIS ACERCA DE LA NATURALEZA Y ALCANCE DE LA TEORÍA ECONÓMICA CONTEMPORÁNEA,0.9,es, Unión Editorial\Nueva Biblioteca de la Libertad\plan-accioxxn-y-mercado.jpg
110 notas en libertad educativa_.jpg,110 NOTAS,EDGARDO ZABLOTSKY; Alberto Benegas Lynch (h),en libertad educativa,0.9,es,110 notas en libertad educativa_.jpg
9788472099562D-267x431.jpg,ANARKHOS,Gustave de Molinari,Esbozo de la organización política y económica de la sociedad futura,0.9,es,9788472099562D-267x431.jpg
9788472099593D.jpg,ANARKHOS,ANTONY P. MUELLER; Gilberto Ramírez Espinosa,Principios del anarcocapitalismo y la demarquía,0.9,es,9788472099593D.jpg
Achaques y manias de la Sociología Moderna.jpg,Achaques y manías de la sociología moderna,Pitirim A. Sorokin,y ciencias afines,0.9,es,Achaques y manias de la Sociología Moderna.jpg
Afrolibertarismo en construcción a través de la visión libertaria.jpg,Afrolibertarismo en construcción,Armando Capito,Cartilla de combate y argumentación capitalista educación antimarxista,0.9,es,Afrolibertarismo en construcción a través de la visión libertaria.jpg
Agorismo_ Hacia una sociedad anarquista de mercado_.jpg,AGORISMO,ERVIN TORRES AGUILAR,Hacia una sociedad anarquista de mercado,0.9,es,Agorismo_ Hacia una sociedad anarquista de mercado_.jpg
AnarcoDigital.jpg,AnarcoDigital,Luis Henrique de O. de Souza,,0.9,es,AnarcoDigital.jpg
anarkia-G.jpg,ANARKÍA,Simón Royo,ANARCOLEPSIS,0.9,es,anarkia-G.jpg
"Anarquismo Individualista. Anarcocapitalismo, Anarquismo Egoista, Anarquistas Individualistas, Criptoanarquismo, Ilegalismo.jpg",ANARQUISMO INDIVIDUALISTA,"ANARCOPATISMO, ANARQUISMO EGOÍSTA, ANARQUISTAS INDIVIDUALISTAS, CRIPTOANARQUISMO, ILEGALISMO, CRIPTOGRAFÍA ASIMÉTRICA, MAX STIRNER, ORDEN ESPONTÁNEO, JULES BONNOT, BITCOIN, WILLIAM GODWIN, ÉMILE ARMAND, PIERRE-JOSEPH PROUDHON",,0.7,es,"Anarquismo Individualista. Anarcocapitalismo, Anarquismo Egoista, Anarquistas Individualistas, Criptoanarquismo, Ilegalismo.jpg"
Aspectos negativos de la intervención económica_.jpg,Aspectos Negativos,Luis Correa Prieto,de la INTERVENCION ECONOMICA,0.9,es,Aspectos negativos de la intervención económica_.jpg
Capitalismo - Jeannette von Wolfersoorff.jpg,CAPITALISMO,JEANNETTE VON WOLFERSDORFF,"Una historia sobre innovación, inversiones y el ser humano",0.9,es,Capitalismo - Jeannette von Wolfersoorff.jpg
Colecti-Victimismo.jpg,COLECTI-VICTIMISMO,CARLOS PRALLONG,"MANUAL DE RESILIENCIA ECOSOSTENIBLE PARA TODAS, TODES, TODIS, TODOS Y TODUS",0.9,es,Colecti-Victimismo.jpg
Contra el Sistema - Isaac Álvarez Casanova.jpg,Contra el Sistema,Isaac Alvarez Casasola,"De a poco, pero sin pausa",0.9,es,Contra el Sistema - Isaac Álvarez Casanova.jpg
Cripto Steven Levy.jpg,Cripto,Steven Levy,Cómo los informáticos libertarios vencieron al gobierno y salvaguardaron la intimidad en la era digital,0.9,es,Cripto Steven Levy.jpg
Criptodivisas_.jpg,CRIPTODIVISAS,JURAJ BEDNÁR,HACKEA TU CAMINO HACIA UNA VIDA MEJOR,0.9,es,Criptodivisas_.jpg
Criptomoneda y soberanía.jpg,Criptomoneda y soberanía,Alejandro Alessi; David Coronel; Tomás Pomar; Juan Emilio Rivera (comps.),Tensiones del dinero en el siglo XXI,0.9,es,Criptomoneda y soberanía.jpg
Crítica al Anarcocapitalismo_.jpg,Crítica al anarcocapitalismo,Ludovico Lalli,,0.9,es,Crítica al Anarcocapitalismo_.jpg
Cómo la IA transformará nuestro futuro_.jpg,CÓMO LA IA TRANSFORMARÁ NUESTRO FUTURO,PEDRO URIA-RECIO,COMPRENDE LA INTELIGENCIA ARTIFICIAL Y PREPÁRATE PARA EL MAÑANA,0.9,es,Cómo la IA transformará nuestro futuro_.jpg
Cómo los países salen de la pobreza_.jpg,COMO LOS PAÍSES SALEN DE LA POBREZA,RAINER ZITELMANN,"Vietnam, Polonia y los orígenes de la prosperidad",0.9,es,Cómo los países salen de la pobreza_.jpg
De Viena a Madrid.jpg,DE VIENA A MADRID,DAVID HOWDEN; PHILIPP BAGUS,Ensayos en honor de Jesús Huerta de Soto,0.9,es,De Viena a Madrid.jpg
Decifrando los autoritarismos en america latina.jpg,Descifrando,Miguel Ángel Martínez Meucci,los autoritarismos en América Latina,0.9,es,Decifrando los autoritarismos en america latina.jpg
Ellos los Fascistas - Javier Rogrigo.jpg,"Ellos, los fascistas",Javier Rodrigo; Maximiliano Fuentes,La banalización del fascismo y la crisis de la democracia,0.9,es,Deusto\Ellos los Fascistas - Javier Rogrigo.jpg
La verdad sobre el Neoliberalismo.jpg,LA VERDAD SOBRE EL NEOLIBERALISMO,ALBERTO MINGARDI,EL POCO QUE HAY Y EL MUCHO QUE FALTA,0.9,es,Deusto\La verdad sobre el Neoliberalismo.jpg
Mitos Progres - Michael Huemer.jpg,MITOS PROGRES,MICHAEL HUEMER; PABLO MALO,,0.9,es,Deusto\Mitos Progres - Michael Huemer.jpg
Todo lo que necesitas saber sobre.jpg,TODO LO QUE NECESITAS SABER SOBRE,ANTONELLA MARTY,"Historia, arte, ciencia, religión, astrofísica, filosofía, política y economía",0.9,es,Deusto\Todo lo que necesitas saber sobre.jpg
Dueños o inquilinos_.jpg,Dueños o inquilinos,Federico González Rouco,"¿Cómo pensar el acceso a la vivienda? Qué sabemos, qué hicimos y hacia dónde vamos",0.9,es,Dueños o inquilinos_.jpg
Educación como problema.jpg,EDUCACION,ANNIE SPOONER,Como,0.9,es,Educación como problema.jpg
El Camino de la servidumbre a la libertad_.jpg,EL camino,MARTÍN CARRANZA TORRES,de la servidumbre a la libertad,0.9,es,El Camino de la servidumbre a la libertad_.jpg
El capitalismo liberado.jpg,EL CAPITALISMO LIBERADO,ANDREW BERNSTEIN,EL INCONTESTABLE ARGUMENTO MORAL POR LOS DERECHOS INDIVIDUALES,0.9,es,El capitalismo liberado.jpg
El comunismo neoliberal_.jpg,EL COMUNISMO NEOLIBERAL,SEBASTIÁN IZQUIERDO,Diagnóstico de un futuro muy presente,0.9,es,El comunismo neoliberal_.jpg
El Diario Henry David Thoreau.jpg,El Diario,Henry David Thoreau,(1837-1861),0.9,es,El Diario Henry David Thoreau.jpg
El futuro anárquico y el anarcocapitalismo_.jpg,El futuro anárquico y el anarcocapitalismo,Ravikumar Kurup,- El mundo neogandhiano,0.9,es,El futuro anárquico y el anarcocapitalismo_.jpg
El lapiz milagroso.jpg,El lápiz milagroso,Connor Boyack,,0.9,es,El lapiz milagroso.jpg
El libro negro del indigenismo_.jpg,EL LIBRO NEGRO DEL INDIGENISMO,Cristián Rodrigo Iturralde,Terrorismo y Separatismo en América,0.9,es,El libro negro del indigenismo_.jpg
El origen del Poder en occidente.gif,El origen del poder de Occidente,Carlos Alberto Patiño Villa,"Estado, guerra y orden internacional",0.9,es,El origen del Poder en occidente.gif
El Poder de la Destrucción Creativa.jpg,El poder de la destrucción creativa,PHILIPPE AGHION; CÉLINE ANTONIN; SIMON BUNEL,¿Qué impulsa el crecimiento económico?,0.9,es,El Poder de la Destrucción Creativa.jpg
El surgimiento de la libertad moderna_.jpg,El surgimiento de la libertad moderna,Paul Laurent,La experiencia republicana anglo-neerlandesa del siglo XVII,0.9,es,El surgimiento de la libertad moderna_.jpg
En defensa del optimismo.jpg,EN DEFENSA DEL OPTIMISMO,Gonzalo Rojas-May,CARTA DE NAVEGACIÓN PARA EL SIGLO XXI,0.9,es,En defensa del optimismo.jpg
En Defensa del Trabajo.gif,En defensa del trabajo,Thomas Hodgskin,,0.9,es,En Defensa del Trabajo.gif
A gold new deal.jpg,A Gold New Deal,"MIKE TER MAAT, EDITOR",The Government We Will Tolerate,0.9,en,En Inglés\A gold new deal.jpg
Abolishing the State_ Embracing Freedom Market.jpg,Abolishing the State,ANDY REVEN,Embracing Market Freedom,0.9,en,En Inglés\Abolishing the State_ Embracing Freedom Market.jpg
Act of Sedition_ A definitive refutation of Statism.jpg,Act of Sedition,Jason A. DeMartino,A Definitive Refutation of Statism,0.9,en,En Inglés\Act of Sedition_ A definitive refutation of Statism.jpg
Agorism_ Philosophy of Peaceful Revolution_.jpg,Agorism: The Philosophy of Peaceful Revolution,Francis Williams,"Origins, Philosophy, Practice, and the Path to a Free Society",0.9,en,En Inglés\Agorism_ Philosophy of Peaceful Revolution_.jpg
"AI Anarchy, inc_.jpg","AI Anarchy, Inc.",PATRICK SCHWERDTFEGER,A Roadmap for Business Executives,0.9,en,"En Inglés\AI Anarchy, inc_.jpg"
Anarchy Exposed.jpg,ANARCHY EXPOSED,Shepard the Voluntaryist; Larken Rose,,0.9,en,En Inglés\Anarchy Exposed.jpg
Dignity & Decency.jpg,Dignity & Decency,Sterlin Lujan,Rhapsodic Musings of a Modern Anarchist,0.9,en,En Inglés\Dignity & Decency.jpg
Enviromental Ethics.jpg,ENVIRONMENTAL ETHICS,David Schmidtz; Dan C. Shahar,"What Really Matters, What Really Works",0.9,en,En Inglés\Enviromental Ethics.jpg
Explorations in The Theory of Anarchy.jpg,Explorations in The Theory of Anarchy,Gordon Tullock,,0.9,en,En Inglés\Explorations in The Theory of Anarchy.jpg
Freedom and Security Scott McPherson.jpg,The Right to Keep and Bear Arms,Scott McPherson,Freedom and Security: The Second Amendment,0.9,en,En Inglés\Freedom and Security Scott McPherson.jpg
G1EhwuOWkAA6v6j.jpeg,THE ECONOMIC ANATOMY OF A DRUG WAR,DAVID W. RASMUSSEN; BRUCE L. BENSON,Criminal Justice in the Commons,0.9,en,En Inglés\G1EhwuOWkAA6v6j.jpeg
IMG_20250415_153913.jpg,The Austrian School of Economics,Renaud Fillieule,Concepts and Theories,0.9,en,En Inglés\IMG_20250415_153913.jpg
IMG_20250416_162656.jpg,modern,Brian Doherty,Libertarianism,0.9,en,En Inglés\IMG_20250416_162656.jpg
IMG_20250610_094836.jpg,The Adventures of Huckleberry Infinity,David Friedman,,0.9,en,En Inglés\IMG_20250610_094836.jpg
IMG_20250610_094903.jpg,VICTIM'S RIGHTS,GARY NORTH,The Biblical View of Civil Justice,0.9,en,En Inglés\IMG_20250610_094903.jpg
IMG_20250610_095110.jpg,Dolarización,Emilio Ocampo; Nicolás Cachanosky,una solución para la Argentina,0.9,es,En Inglés\IMG_20250610_095110.jpg
IMG_20250610_100119.jpg,"ANARCOCAPITALISMO, ANARCO LIBERALISMO, ANARCO LIBERTARISMO",Daniel Müller,,0.9,es,En Inglés\IMG_20250610_100119.jpg
IMG_20250610_100618.jpg,"ABUNDANCE, GENEROSITY, AND THE STATE",Jörg Guido Hülsmann,AN INQUIRY INTO ECONOMIC PRINCIPLES,0.9,en,En Inglés\IMG_20250610_100618.jpg
IMG_20250610_100725.jpg,CRONYISM,PATRICK NEWMAN,RISE OF THE CORPORATIST STATE 1849-1929,0.9,en,En Inglés\IMG_20250610_100725.jpg
IMG_20250610_100842.jpg,An Axiological Process Ethics,REM B. EDWARDS,,0.9,en,En Inglés\IMG_20250610_100842.jpg
IMG_20250610_115540.jpg,SHOGUN'S GHOST,Ken Schoolland,THE DARK SIDE OF JAPANESE EDUCATION,0.9,en,En Inglés\IMG_20250610_115540.jpg
IMG_20250610_115623.jpg,AM I IN DANGER?,,,0.7,en,En Inglés\IMG_20250610_115623.jpg
IMG_20250610_115703.jpg,A NEW HISTORY OF LEVIATHAN,RONALD RADOSH; MURRAY N. ROTHBARD,Essays on the Rise of the American Corporate State,0.9,en,En Inglés\IMG_20250610_115703.jpg
IMG_20250610_115757.jpg,VOLUNTARYIST,,Suit Saga,0.7,en,En Inglés\IMG_20250610_115757.jpg
IMG_20250610_115957.jpg,THE CAMP OF THE SAINTS,Jean Raspail,,0.9,en,En Inglés\IMG_20250610_115957.jpg
IMG_20250610_120638.jpg,PHILOSOPHICAL VOLUNTARYISM,JACK LLOYD,,0.9,en,En Inglés\IMG_20250610_120638.jpg
IMG_20250610_120736.jpg,THE UNSCHOOLED ADVENTURES OF JACK AND PHO,,,0.7,en,En Inglés\IMG_20250610_120736.jpg
IMG_20250610_121208.jpg,LIFE,JEFFREY TUCKER,after LOCK DOWN,0.9,en,En Inglés\IMG_20250610_121208.jpg
IMG_20250610_121311.jpg,Natural Property Rights,ERIC R. CLAEYS,,0.9,en,En Inglés\IMG_20250610_121311.jpg
IMG_20250610_122018.jpg,A Little Book on Libertarianism,N. Brent Mattingly,,0.9,en,En Inglés\IMG_20250610_122018.jpg
IMG_20250610_122548.jpg,COMMON LAW LIBERALISM,JOHN HASNAS,A NEW THEORY OF THE LIBERTARIAN SOCIETY,0.9,en,En Inglés\IMG_20250610_122548.jpg
IMG_20250610_122723.jpg,Anarcho-Capitalism,Harley Rossi,Exploring a Stateless Society,0.9,en,En Inglés\IMG_20250610_122723.jpg
IMG_20250610_122843.jpg,Por qué el Estado,Milton Friedman,es el problema,0.9,es,En Inglés\IMG_20250610_122843.jpg
IMG_20250610_122950.jpg,Mainline Economics,Peter J. Boettke; Stefanie Haefele-Balch; Virgil Henry Storr,Six Nobel Lectures in the Tradition of Adam Smith,0.9,en,En Inglés\IMG_20250610_122950.jpg
IMG_20250610_124238.jpg,Applied Mainline Economics,Matthew D. Mitchell; Peter J. Boettke,Bridging the Gap between Theory and Public Policy,0.9,en,En Inglés\IMG_20250610_124238.jpg
IMG_20250610_124334.jpg,LECTURAS DE ECONOMÍA POLÍTICA,Jesús Huerta de Soto,Volumen I,0.9,es,En Inglés\IMG_20250610_124334.jpg
IMG_20250610_124614.jpg,Anarcho-Capitalism,Harley Rossi,Exploring a Stateless Society,0.9,en,En Inglés\IMG_20250610_124614.jpg
IMG_20250610_124921.jpg,DOCTOR X,MAÑAS & LEDESMA; FERNANDO CAUDEVILLA,EL MEDICO DE LA DARK WEB,0.9,es,En Inglés\IMG_20250610_124921.jpg
IMG_20250610_125000.jpg,EVERYONE IS AN ENTREPRENEUR,GREGORY V. DIEHL,SELLING ECONOMIC SELF-DETERMINATION IN A POST-SOVIET WORLD,0.9,en,En Inglés\IMG_20250610_125000.jpg
IMG_20250610_125034.jpg,The Effective Libertarian,Charles Barr,"Reframing our principles, policies and messaging to win the fight for liberty",0.9,en,En Inglés\IMG_20250610_125034.jpg
IMG_20250610_125119.jpg,Offended Freedom,CAROLIN AMLINGER; OLIVER NACHTWEY,The Rise of Libertarian Authoritarianism,0.9,en,En Inglés\IMG_20250610_125119.jpg
IMG_20250610_125239.jpg,Bramble Government,Gordan Runyan,A Ragtown Pulpit Sermon Against Executive Power,0.9,en,En Inglés\IMG_20250610_125239.jpg
IMG_20250610_125342.jpg,ESSAYS ON LIBERALISM AND THE ECONOMY,F.A. HAYEK; Paul Lewis,,0.9,en,En Inglés\IMG_20250610_125342.jpg
IMG_20250610_125420.jpg,LOS LIBERALES,Ezequiel Ogueta,que hicieron la revolución de mayo,0.9,es,En Inglés\IMG_20250610_125420.jpg
IMG_20250610_125508.jpg,LOS FUNDAMENTOS IDEOLÓGICOS DEL SOCIALISMO BOLIVARIANO,ALEJANDRO PERDOMO FERMÍN,UNA CONTRIBUCIÓN AL ESTUDIO DEL CHAVISMO EN VENEZUELA,0.9,es,En Inglés\IMG_20250610_125508.jpg
IMG_20250610_140523.png,LIBERALISM AND CRONYISM,RANDALL G. HOLCOMBE; ANDREA M. CASTILLO,Two Rival Political and Economic Systems,0.9,en,En Inglés\IMG_20250610_140523.png
IMG_20250610_140531.jpg,False Dawn,GEORGE SELGIN,THE NEW DEAL AND THE PROMISE OF RECOVERY 1933-1947,0.9,en,En Inglés\IMG_20250610_140531.jpg
IMG_20250610_140543.jpg,A Concise History of the Common Law,Theodore F. T. Plucknett,,1.0,en,En Inglés\IMG_20250610_140543.jpg
IMG_20250610_140603.png,THE STRUGGLE FOR LIBERTY,Ralph Raico; Ryan McMaken,A Libertarian History of Political Thought,0.9,en,En Inglés\IMG_20250610_140603.png
IMG_20250610_140653.jpg,The Anarchist-Individualist Origins of Italian Fascism,,,0.8,en,En Inglés\IMG_20250610_140653.jpg
IMG_20250610_141236.jpg,Une Brève Histoire de l'Homme,Hans-Hermann Hoppe,,0.9,fr,En Inglés\IMG_20250610_141236.jpg
IMG_20250610_141311.jpg,NARCOPATISMO,Laurent de Sutter,,0.9,es,En Inglés\IMG_20250610_141311.jpg
IMG_20250610_141531.jpg,ECONOMIC IGNORANCE,DOMINIK JURAK,And Its Fatal Consequences on Today’s Society,0.9,en,En Inglés\IMG_20250610_141531.jpg
IMG_20250610_141626.jpg,Gun Control,Darius Werden; Anthony Gregory; Kelly Sue; Nathan Goodenow; Logan Marie Glitterworth,Who Gets Control?,0.9,en,En Inglés\IMG_20250610_141626.jpg
IMG_20250610_141653.jpg,Against All Nations & Borders,Charles W. Johnson,,0.9,en,En Inglés\IMG_20250610_141653.jpg
IMG_20250610_141714.jpg,Libertarian Feminism: Can this marriage be saved?,Charles W. Johnson,,0.9,en,En Inglés\IMG_20250610_141714.jpg
IMG_20250610_141803.jpg,Liberty and Security in an Anarchical World Volume I,Brandon Christensen,Westphalian Sovereignty and the National State,0.9,en,En Inglés\IMG_20250610_141803.jpg
IMG_20250610_142508.jpg,THE STOIC CAPITALIST,ROBERT ROSENKRANZ,ADVICE FOR THE EXCEPTIONALLY AMBITIOUS,1.0,en,En Inglés\IMG_20250610_142508.jpg
IMG_20250610_143057.jpg,Good Intentions,BOB ZEIDMAN,,0.9,en,En Inglés\IMG_20250610_143057.jpg
IMG_20250610_143242.jpg,THE FUTURE IS DECENTRALIZED,Breck Grainger,Cryptocurrency and Blockchain Explained,0.9,en,En Inglés\IMG_20250610_143242.jpg
IMG_20250610_143400.jpg,Freestate California,Wayne C. Grantham,,0.9,en,En Inglés\IMG_20250610_143400.jpg
IMG_20250610_143809.jpg,INDIVISIBLE,TROY GRICE,COME AND TAKE IT,0.9,en,En Inglés\IMG_20250610_143809.jpg
IMG_20250610_143836.jpg,Oathkeeper,Troy Grice,,0.9,en,En Inglés\IMG_20250610_143836.jpg
IMG_20250610_144232.jpg,The Essence of Hayek,Chiaki Nishiyama; Kurt R. Leube,,0.9,en,En Inglés\IMG_20250610_144232.jpg
IMG_20250610_152532.jpg,RECAPITALISM,ADAM GALLAGHER,For the Wealth of People,0.9,en,En Inglés\IMG_20250610_152532.jpg
IMG_20250610_152606.jpg,Trulbert!,Mitch Berg,A Comic Novella About the End of the World As We Know It,0.9,en,En Inglés\IMG_20250610_152606.jpg
IMG_20250610_160647.jpg,The Great Hope,Lawrence W. Reed,Essays on Character and Liberty,0.9,en,En Inglés\IMG_20250610_160647.jpg
IMG_20250610_192707.jpg,The Ego and His Own,John Henry Mackay,,0.9,en,En Inglés\IMG_20250610_192707.jpg
IMG_20250707_180045.jpg,Net Neutrality Compendium,Luca Belli; Primavera De Filippi (eds.),"Human Rights, Free Competition and the Future of the Internet",0.9,en,En Inglés\IMG_20250707_180045.jpg
IMG_20250707_180126.jpg,How to harness the value of Bitcoin,Juraj Bednár,without having to sell it,0.9,en,En Inglés\IMG_20250707_180126.jpg
IMG_20250707_180142.jpg,THE ORANGE FLASH OF FREEDOM,Juraj Bednár,Understanding and using the Bitcoin Lightning network,0.9,en,En Inglés\IMG_20250707_180142.jpg
IMG_20250707_180205.jpg,Cryptocurrencies,Juraj Bednár,"Hack your way to a better life: How Bitcoin, cryptocurrency and a return to hard, non-inflationary currency will help us change our lives and the world",0.9,en,En Inglés\IMG_20250707_180205.jpg
IMG_20250707_180253.jpg,AnarchoSF #1,Rich Dana,Science Fiction and the Stateless Society,0.8,es,En Inglés\IMG_20250707_180253.jpg
IMG_20250707_180309.jpg,The Empire of Commerce,Cássio Peixoto; Modesto Da Silva,A Journey Toward Stateless Societies,0.9,en,En Inglés\IMG_20250707_180309.jpg
IMG_20250707_180335.jpg,The Evolution of Human Co-operation,Charles Stanish,Ritual and Social Complexity in Stateless Societies,0.9,en,En Inglés\IMG_20250707_180335.jpg
IMG_20250707_180402.jpg,Anarchy and Peace,Truth Seeker,The Non-Aggression Principle and the Case for a Stateless Society,0.9,en,En Inglés\IMG_20250707_180402.jpg
IMG_20250707_180422.jpg,THE FREEDOM FOREST,,A TALE OF A SOCIETY WITHOUT RULERS,0.7,en,En Inglés\IMG_20250707_180422.jpg
IMG_20250707_180458.jpg,Anarchy,Vygintas Varnas,A Dive into a World Without Rulers,0.9,en,En Inglés\IMG_20250707_180458.jpg
IMG_20250707_180523.jpg,CRYPTO ANARCHY,LUIS GARCIA,,0.9,es,En Inglés\IMG_20250707_180523.jpg
IMG_20250707_180538.jpg,Crypto Anarchy,,,0.7,en,En Inglés\IMG_20250707_180538.jpg
IMG_20250707_180611.jpg,THE BLOCKCHAIN CODE,DAVE KINSEY,Decrypt the jungle of complexity to win THE CRYPTO-ANARCHY GAME,0.9,en,En Inglés\IMG_20250707_180611.jpg
IMG_20250707_180643.jpg,Bitism,Leon Tusk,Cryptic Anarchy,0.9,es,En Inglés\IMG_20250707_180643.jpg
IMG_20250707_181028.jpg,THE BLOCKCHAIN REVOLUTION,ANDREW UPDEGROVE,A TALE OF INSANITY AND ANARCHY,0.9,en,En Inglés\IMG_20250707_181028.jpg
IMG_20250707_181107.jpg,THE RISE OF CRYPTOPOLIS,LEONARDO ARAUJO,,0.9,en,En Inglés\IMG_20250707_181107.jpg
IMG_20250707_181127.jpg,THE ANARCHIST'S CRYPTO COOKBOOK,,,0.7,en,En Inglés\IMG_20250707_181127.jpg
IMG_20250707_181217.jpg,Recuperar la humanidad,Maria,un plan para la coexistencia con la IA,0.8,es,En Inglés\IMG_20250707_181217.jpg
IMG_20250707_181248.jpg,THE 20 LAWS OF AI POWER,JUSTIN GOLDSTON PHD,Mastering the Future of Autonomous Intelligence,0.9,en,En Inglés\IMG_20250707_181248.jpg
IMG_20250707_181310.jpg,The Freedom Fund,Justin Goldston PhD,Universal Basic Income v2,0.9,en,En Inglés\IMG_20250707_181310.jpg
IMG_20250707_220703.jpg,Being Sovereign,Jim Davidson,,0.9,en,En Inglés\IMG_20250707_220703.jpg
IMG_20250707_220718.jpg,cc me,Bitcoin Belle,,0.8,en,En Inglés\IMG_20250707_220718.jpg
IMG_20250707_220739.jpg,DEBATING LIBERTARIANISM,SAMUEL FREEMAN; JASON BRENNAN,WHAT MAKES SOCIETY JUST?,0.9,en,En Inglés\IMG_20250707_220739.jpg
IMG_20250707_220757.jpg,Libertarianism,Jessica Flanigan; Christopher Freiman,the basics,0.9,en,En Inglés\IMG_20250707_220757.jpg
IMG_20250707_221039.jpg,Anarcocapitalismo,Bruno Ferreira,O Futuro,0.9,pt,En Inglés\IMG_20250707_221039.jpg
IMG_20250707_221213.jpg,THE FALSE PROMISE,Mark Winters,"The Myth of Democracy, Globalist Agendas, and the Case for Anarcho-Capitalism",0.9,en,En Inglés\IMG_20250707_221213.jpg
IMG_20250707_221230.jpg,Freedom Unbound,ANDY REVEN,The Case for Anarcho-Capitalism,0.9,es,En Inglés\IMG_20250707_221230.jpg
IMG_20250708_162130.jpg,PROOF of PROTEST,,USING CRYPTO TOOLS FOR REAL-WORLD RESISTANCE,0.7,en,En Inglés\IMG_20250708_162130.jpg
IMG_20250708_162243.jpg,DECENTRALIZED CITIZEN SCIENCE,,A NEW PARADIGM FOR ROBUST BIOMETRIC RESEARCH AND BEYOND,0.7,en,En Inglés\IMG_20250708_162243.jpg
IMG_20250708_162436.jpg,REINTERPRETING LIBERTARIANISM,Łukasz Dominiak; Igor Wysocki; Stanisław Wójtowicz; Dawid Megger,NEW DIRECTIONS IN LIBERTARIAN STUDIES,0.9,en,En Inglés\IMG_20250708_162436.jpg
IMG_20250708_162457.jpg,ANARCHY and CHRISTIANITY,Jacques Ellul; Geoffrey W. Bromiley; David Gill,,0.9,en,En Inglés\IMG_20250708_162457.jpg
IMG_20250708_232834.jpg,THE SWALLOWER,MAXIMILIAN CROSS,HOW ELITES AND THE HIDDEN POWER MANIPULATE SOCIETY,0.9,en,En Inglés\IMG_20250708_232834.jpg
IMG_20250708_232856.jpg,Introduction to the Libertarian Party,Wes Benedict,"For Democrats, Republicans, Libertarians, Independents, and Everyone Else",0.9,en,En Inglés\IMG_20250708_232856.jpg
IMG_20250708_232923.jpg,THE CONSERVATARIAN MANIFESTO,CHARLES C. W. COOKE,,0.9,en,En Inglés\IMG_20250708_232923.jpg
IMG_20250708_232951.jpg,Libertarian Capitalism,Luis Fernando Tejada Yepes,A Journey to the Austrian School of Economics,0.9,es,En Inglés\IMG_20250708_232951.jpg
IMG_20250708_233010.jpg,My libertarian journal,,"365 inspiring quotes about freedom, peace, & prosperity",0.8,en,En Inglés\IMG_20250708_233010.jpg
IMG_20250708_233037.jpg,UNRULED,Sol Roth,The Path to Radical Freedom is Through Axiomatic Sovereignty (The Future of Government Book 1),0.9,en,En Inglés\IMG_20250708_233037.jpg
IMG_20250708_233053.jpg,Understanding the Austrian School of Economics in 10 Days,Nikolaus Stahl,"Everything You Were Never Taught About Money, Markets, and Freedom",0.9,en,En Inglés\IMG_20250708_233053.jpg
IMG_20250708_233107.jpg,"The Austrian School of Economics in the ideology of Javier Milei, President of Argentina",Luis Fernando Tejada Yepes; Luis Tejada,,0.8,es,En Inglés\IMG_20250708_233107.jpg
IMG_20250922_130610.jpg,Building Community,"James S. Gruber, PhD, PE",Twelve Principles for a Healthy Future,0.9,en,En Inglés\IMG_20250922_130610.jpg
IMG_20250922_130813.jpg,Psycho-Cybernetics,Maxwell Maltz,Updated & Expanded,0.9,en,En Inglés\IMG_20250922_130813.jpg
IMG_20250922_130918.jpg,HAYEK,EDITED BY THOMAS J. DILORENZO,FOR THE 21ST CENTURY,0.9,en,En Inglés\IMG_20250922_130918.jpg
IMG_20250922_131447.jpg,THE BITCOIN GUIDEBOOK,Ian DeMartino,"How to Obtain, Invest, and Spend the World's First Decentralized Cryptocurrency",0.9,en,En Inglés\IMG_20250922_131447.jpg
IMG_20250923_132604.jpg,COMMON INTEREST COMMUNITIES,"Stephen E. Barton; Carol J. Silverman, Editors",Private Governments and the Public Interest,0.9,en,En Inglés\IMG_20250923_132604.jpg
IMG_20250923_132616.jpg,The Condominium Concept,Peter M. Dunbar,"A Practical Guide for Officers, Owners, Realtors, Attorneys, and Directors of Florida Condominiums",0.9,en,En Inglés\IMG_20250923_132616.jpg
IMG_20250923_132638.jpg,CONDOMINIUM GOVERNANCE AND LAW IN GLOBAL URBAN CONTEXT,Randy K. Lippert; Stefan Treffers,,0.9,en,En Inglés\IMG_20250923_132638.jpg
IMG_20250923_132710.jpg,"Protecting Apartments, Condominiums, and Gated Communities","Michael A. Silva, CPP, CSC",A Guide to Security for Homeowner's Associations and Property Managers,0.9,en,En Inglés\IMG_20250923_132710.jpg
IMG_20250923_132728.jpg,Gated Communities,Rowland Atkinson; Sarah Blandy,,0.9,en,En Inglés\IMG_20250923_132728.jpg
IMG_20250923_132751.jpg,The ABCs of HOAs,SCOTT P. BRADY,"The Ultimate Guide of Homeowners' Associations for Buyers, Owners, and Boards of Directors",0.9,en,En Inglés\IMG_20250923_132751.jpg
IMG_20250923_132806.jpg,HOUSING CO-OPERATIVES,JOHN HANDS,,0.9,en,En Inglés\IMG_20250923_132806.jpg
IMG_20250923_132824.jpg,Why Community Land Trusts?: The Philosophy Behind an Unconventional Form of Tenure,John Emmeus Davis; Lee Alper; María E. Hernández-Torres,Common Ground Monographs,0.9,en,En Inglés\IMG_20250923_132824.jpg
IMG_20250923_132843.jpg,ON COMMON GROUND,John Emmeus Davis; Line Algoed; María E. Hernández-Torrales,INTERNATIONAL PERSPECTIVES ON THE COMMUNITY LAND TRUST,0.9,en,En Inglés\IMG_20250923_132843.jpg
IMG_20250923_132903.jpg,Westmoreland and Portland Places,Julius K. Hunter,"The History and Architecture of America's Premier Private Streets, 1888-1988",0.9,en,En Inglés\IMG_20250923_132903.jpg
Jesus and The Abolitionists.jpg,JESUS,TERRY J. STOKES,and the Abolitionists,0.9,en,En Inglés\Jesus and The Abolitionists.jpg
Libertarianism Brochure.jpg,Libertarianism Brochure,Elijah M,"a printable handout by the author of ""Individualist Manifesto""",0.9,en,En Inglés\Libertarianism Brochure.jpg
Liberty for Real Dialogues.jpg,Liberty For Real,,Proceedings of the Dialogues,0.7,en,En Inglés\Liberty for Real Dialogues.jpg
Manifiesto of The Free Humans.jpg,MANIFESTO OF THE FREE HUMANS,JOHN VIBES; DERRICK BROZE,,0.9,en,En Inglés\Manifiesto of The Free Humans.jpg
Marx & Satan.jpg,MARX & SATAN,Richard Wurmbrand,,0.9,es,En Inglés\Marx & Satan.jpg
Money Talks.jpg,Money Talks,Peter Kellogg; David Friedman,"a musical that follows the adventures, wisdom and harangues of a hundred dollar bill",0.9,en,En Inglés\Money Talks.jpg
"National-Anarchism, Heroes & Villains.jpg",National-Anarchism,Edited by Troy Southgate,Heroes and Villains,0.8,en,"En Inglés\National-Anarchism, Heroes & Villains.jpg"
Panorama of a State.jpg,PANORAMA OF A STATE,VALENTINO BINET,"Individual Freedom, Essential for other Freedoms",0.9,en,En Inglés\Panorama of a State.jpg
Principles of the Liberalism.jpg,Principles of the Liberalism,,,0.7,en,En Inglés\Principles of the Liberalism.jpg
Screenshot_2025-07-07-18-09-14-829_com.android.chrome.jpg,Crypto-Politics,Linda Monsees,Encryption And Democratic Practices In The Digital Era,0.9,en,En Inglés\Screenshot_2025-07-07-18-09-14-829_com.android.chrome.jpg
Taxation is Theft.jpg,TAXATION IS THEFT,DAN BEHRMAN,HOW POLITICIANS ROB YOU BLIND,0.9,en,En Inglés\Taxation is Theft.jpg
The Essentials of Formal Axiology.jpg,The Essentials of Formal Axiology,Rem B. Edwards,,0.9,en,En Inglés\The Essentials of Formal Axiology.jpg
The Future is Descentralized and Open Source.jpg,The Future IS,Jason A. Jansson,DECENTRALIZED AND OPEN SOURCE,0.9,en,En Inglés\The Future is Descentralized and Open Source.jpg
Valuemetrics.jpg,Valuemetrics*,Frank G. Forrest,THE SCIENCE OF PERSONAL AND PROFESSIONAL ETHICS,0.9,en,En Inglés\Valuemetrics.jpg
Equidad de Libre Mercado - John Tomasi.jpg,Equidad,John Tomasi,de libre mercado,0.9,es,Equidad de Libre Mercado - John Tomasi.jpg
Escuela austriaca de economía para principiantes_.jpg,Escuela Austriaca de Economía,Michael D. Smith,Para Principiantes,0.9,es,Escuela austriaca de economía para principiantes_.jpg
Escuelas Anarquistas.webp,ESCUELAS ANARQUISTAS,,,0.8,es,Escuelas Anarquistas.webp
Explorando los principios del capitalismo_.jpg,EXPLORANDO,,LOS PRINCIPIOS DEL CAPITALISMO,0.7,es,Explorando los principios del capitalismo_.jpg
Extinción_.jpg,Extincion,Jaime Antonio Ponce,Democracia vs Globalización Libertarismo,0.9,es,Extinción_.jpg
F. A. Hayek Dos ensayos sobre economía y moral.jpg,F. A. Hayek,Daniel Mansuy; Matías Petersen,dos ensayos sobre economía y moral,0.9,es,F. A. Hayek Dos ensayos sobre economía y moral.jpg
Ethical Intuitionism and Its Critics - Grant C. Sterling.jpg,ETHICAL INTUITIONISM AND ITS CRITICS,Grant C. Sterling,,0.9,en,Filosofía\Ethical Intuitionism and Its Critics - Grant C. Sterling.jpg
G. E. Moore_s Intuitionism. A highly implausible meta-ethical position - Mark Costello.jpg,G. E. Moore's Intuitionism,Mark Costello,A highly implausible meta-ethical position,0.9,en,Filosofía\G. E. Moore_s Intuitionism. A highly implausible meta-ethical position - Mark Costello.jpg
"Los presupuestos de la falacia naturalista, una revisión crítica.jpg",LOS PRESUPUESTOS DE LA FALACIA NATURALISTA,Esperanza Guisan,Una revisión crítica,0.9,es,"Filosofía\Los presupuestos de la falacia naturalista, una revisión crítica.jpg"
The New Intuitionism.jpg,THE NEW INTUITIONISM,Robert Audi; Carla Bagnoli; Roger Crisp; Peter Graham; Ralph Kennedy; Christopher B. Kulp; Clayton Littlejohn; Hugh J. McCann; Walter Sinnott-Armstrong; Jill Graper Hernandez,,0.9,en,Filosofía\The New Intuitionism.jpg
Breve historia de la libertad - David Schmidtz y Jason Brennan.webp,BREVE HISTORIA DE LA LIBERTAD,DAVID SCHMIDTZ; JASON BRENNAN,,0.9,es,fpp\Breve historia de la libertad - David Schmidtz y Jason Brennan.webp
El mito del Estado emprendedor - Deirdre McCloskey y Alberto Mingardi.png,El mito del estado emprendedor,Deirdre Nansen McCloskey; Alberto Mingardi,,0.9,es,fpp\El mito del Estado emprendedor - Deirdre McCloskey y Alberto Mingardi.png
La filosofía de la violencia - Jorge Millas.png,La filosofía de la violencia,Jorge Millas,,0.9,es,fpp\La filosofía de la violencia - Jorge Millas.png
Por qué esta bien querer ser rico.jpg,POR QUÉ ESTÁ BIEN QUERER,JASON BRENNAN,SER RICO,0.9,es,fpp\Por qué esta bien querer ser rico.jpg
Fronteras abiertas - Bryan Caplan.jpg,Fronteras abiertas,Bryan Caplan; Zach Weinersmith,La ciencia y ética de la inmigración,0.9,es,Fronteras abiertas - Bryan Caplan.jpg
Fundamentos de la banca central y de la libertad bancaria_.jpg,FUNDAMENTOS DE LA BANCA CENTRAL Y DE LA LIBERTAD BANCARIA,VERA C. SMITH,,0.9,es,Fundamentos de la banca central y de la libertad bancaria_.jpg
G1YtaaWXwAAzZHk.jpeg,La religión WOKE,Jean-François Braunstein,Anatomía del movimiento irracional e identitario que está poniendo en jaque a Occidente,0.9,es,G1YtaaWXwAAzZHk.jpeg
Greguerias Liberales.jpg,GREGUERÍAS LIBERALES,CARLOS RODRÍGUEZ BRAUN; RAFA SANUDO,,0.9,es,Greguerias Liberales.jpg
Guerra y construcción del Estado en Colombia_.jpg,Guerra y construcción del Estado en Colombia,CARLOS ALBERTO PATIÑO VILLA,,0.9,es,Guerra y construcción del Estado en Colombia_.jpg
"Humanos, máquinas y política.jpg","HUMANOS, MÁQUINAS Y POLÍTICA",COLECTIVO CARCASA,EL FUTURO DEL LIBERALISMO EN LA ERA DE LA IA,0.9,es,"Humanos, máquinas y política.jpg"
Ideario anarquista.jpg,IDEARIO ANARQUISTA,"PROUDHON, BAKUNIN, KROPOTKIN y otros",,0.9,es,Ideario anarquista.jpg
IMG_20250610_101040.jpg,LOS GEMELOS TUTTLE Y LA CRIATURA DE LA ISLA JEKYLL,CONNOR BOYACK,,0.9,es,IMG_20250610_101040.jpg
IMG_20250610_143507.jpg,O PEQUENO É POSSÍVEL,MIGUEL ANXO BASTOS,Como o tamanho define o futuro de uma nação,0.9,pt,IMG_20250610_143507.jpg
IMG_20250707_220624.jpg,La destrucción creadora,Antología anarquista de octubre,,0.9,es,IMG_20250707_220624.jpg
IMG_20250707_221001.jpg,MANIFIESTO,Yen Ortega,ANARCOCAPITALISTA ÉTICO,0.9,es,IMG_20250707_221001.jpg
IMG_20250707_221025.jpg,Límites del Anarco-Capitalismo,Antonio Jesús Tejada Martínez,Análisis empírico desde una perspectiva psicosocial,0.9,es,IMG_20250707_221025.jpg
IMG_20250707_221112.jpg,LA JUSTICIA SUBVERTIDA,SYDNEY D'AGVILO,La contraética de la mafia institucionalizada,0.9,es,IMG_20250707_221112.jpg
IMG_20250707_221134.jpg,EL RÉGIMEN DEMOCRÁTICO,SYDNEY D'AGVILO,La contraética de la mafia institucionalizada,0.9,es,IMG_20250707_221134.jpg
IMG_20250707_221153.jpg,LA ECONOMÍA DE LA LIBERTAD,SYDNEY D'AGVILO,La ciencia económica en 30 lecciones,0.9,es,IMG_20250707_221153.jpg
IMG_20250708_161621.jpg,FRIEDRICH HAYEK: INDIVIDUALISMO Y ORDEN ESPONTÁNEO,Alí Javier Suárez Brito,,0.9,es,IMG_20250708_161621.jpg
IMG_20250708_162544.jpg,LA PARABOLA DE LAS VACAS,DANIEL MÜLLER,ANARCOCAPITALISMO,0.9,es,IMG_20250708_162544.jpg
IMG_20250922_130401.jpg,Private Neighborhoods,Robert H. Nelson,and the Transformation of Local Government,0.9,en,IMG_20250922_130401.jpg
IMG_20250922_130827.jpg,Market Process & The Decline in Abject Poverty,Jason A. DeMartino,"A Theoretical, Longitudinal, and Quantitative Analysis",0.9,en,IMG_20250922_130827.jpg
IMG_20250922_130901.jpg,LA PLANIFICACIÓN GUBERNAMENTAL,Henry Hazlitt,VERSUS CRECIMIENTO ECONÓMICO,0.9,es,IMG_20250922_130901.jpg
IMG_20250922_131229.jpg,ECOLOGÍA LIBERAL,José Ramón Arévalo Sierra,PARA NO ECOLOGISTAS Y NO LIBERALES,0.9,es,IMG_20250922_131229.jpg
IMG_20250922_131243.jpg,Free City,Ricardo Manuel Rojas,Orden cooperativo y competencia de fuentes jurídicas,0.9,es,IMG_20250922_131243.jpg
IMG_20250922_131313.jpg,SER LIBERTO,Francesc Soler Llagostera,el libro que tu jefe no quiere que leas,0.9,es,IMG_20250922_131313.jpg
IMG_20250922_131331.jpg,BREVE REFUTACIÓN DEL PENSAMIENTO LIBERTARIO,JUAN SEBASTIÁN IZQUIERDO ALMARZA,,0.9,es,IMG_20250922_131331.jpg
IMG_20250922_131405.jpg,DESHACER EL CUERPO,JOSEFINA ARAOS; DANIEL MANSUY; CATALINA SILES; MANFRED SVENSSON,CUATRO OBJECIONES A LA AGENDA TRANS,0.9,es,IMG_20250922_131405.jpg
IMG_20250922_131426.jpg,SOCIALISMO,Manuel Llamas,La ruina de España,0.9,es,IMG_20250922_131426.jpg
IMG_20250922_131512.jpg,Un Homme de conviction,Alexandre Hébert,Un anarchiste individualiste,0.9,fr,IMG_20250922_131512.jpg
IMG_20251002_184507.jpg,Anfisbena,Cristian Moreno,LA EXTRAÑA ALIANZA ENTRE EL ISLAMISMO RADICAL Y LA IZQUIERDA IDENTITARIA,0.9,es,IMG_20251002_184507.jpg
Imperialismo Clases sociales_.jpg,Imperialismo,Joseph A. Schumpeter; Fabián Estapé; Vicente Girbau,Clases sociales,0.9,es,Imperialismo Clases sociales_.jpg
Inmigración y emprendimiento_.jpg,INMIGRACIÓN Y EMPRENDIMIENTO,MAURICIO ROJAS,,0.9,es,Inmigración y emprendimiento_.jpg
 _Capitalismo Espacial - Walter Block.png__300x0.jpg,CAPITALISMO ESPACIAL,PETER LOTHIAN NELSON; WALTER E. BLOCK,"CÓMO LOS HUMANOS COLONIZAREMOS PLANETAS, LUNAS Y ASTEROIDES",1.0,es,INNISFREE\ _Capitalismo Espacial - Walter Block.png__300x0.jpg
 _Caplan - Razones Egoístas para Tener Hijos.jpg,Razones egoístas para tener más hijos,Bryan Caplan,,1.0,es,INNISFREE\ _Caplan - Razones Egoístas para Tener Hijos.jpg
 _Defendiendo lo Indefendible III.webp,DEFENDIENDO LO INDEFENDIBLE III,WALTER BLOCK,,0.9,es,INNISFREE\ _Defendiendo lo Indefendible III.webp
 _Feminimo Individualista.png,Feminismo individualista,Voltairine de Cleyre,,0.9,es,INNISFREE\ _Feminimo Individualista.png
 _Individualismo y Orden Económico - Hayek.jpg,Individualismo y orden económico,Friedrich A. Hayek,,0.9,es,INNISFREE\ _Individualismo y Orden Económico - Hayek.jpg
 _La Colonización de Mar - Patri Friedman.png,La colonización del mar,Joe Quirk; Patri Friedman,"Cómo las naciones flotantes restaurarán el medio ambiente, enriquecerán a los pobres, curarán a los enfermos y liberarán a la humanidad de los políticos",0.9,es,INNISFREE\ _La Colonización de Mar - Patri Friedman.png
 _Libertad Individual (Benjamin Tucker).jpg,Libertad,BENJAMIN TUCKER,Individual,0.9,es,INNISFREE\ _Libertad Individual (Benjamin Tucker).jpg
 _Una Bella Anarquía - Jeffrey Tucker.jpg,UNA BELLA ANARQUÍA,Jeffrey Tucker,CÓMO CREAR TU PROPIA CIVILIZACIÓN EN LA ERA DIGITAL,0.9,es,INNISFREE\ _Una Bella Anarquía - Jeffrey Tucker.jpg
 Manual Libertario - José Luis Montesinos.jpg,MANUAL LIBERTARIO,JOSÉ LUIS MONTESINOS; Juan Pina,Prologado por Juan Pina,0.9,es,INNISFREE\ Manual Libertario - José Luis Montesinos.jpg
Capitalismo para Niños - Karl Hess.jpg,Capitalismo para niños,Karl Hess,Crecer para ser tu propio jefe,0.9,es,INNISFREE\Capitalismo para Niños - Karl Hess.jpg
El Estado contra los Negros.jpg,EL ESTADO CONTRA LOS NEGROS,WALTER E. WILLIAMS,,1.0,es,INNISFREE\El Estado contra los Negros.jpg
el Mito del Socialismo Nórdido.webp,EL MITO DEL SOCIALISMO NÓRDICO,Nima Sanandaji,,0.9,es,INNISFREE\el Mito del Socialismo Nórdido.webp
Escuela Neutral.webp,ESCUELA NEUTRAL,RICARDO MELLA,,0.9,es,INNISFREE\Escuela Neutral.webp
fd8000_84b9c991c6bc4441a394ded6b45bb204~mv2.webp,2069,Óscar López,Libertadura Homomatriarcal,0.9,es,INNISFREE\fd8000_84b9c991c6bc4441a394ded6b45bb204~mv2.webp
Juego de Tronos. Anarquía versus Monarquía.jpg,JUEGO DE TRONOS,,Anarquía versus Monarquía,0.7,es,INNISFREE\Juego de Tronos. Anarquía versus Monarquía.jpg
Las antinomias entre el individuo y la sociedad — Georges Palante.jpg,LAS ANTIMONIAS ENTRE EL INDIVIDUO Y LA SOCIEDAD,GEORGES PALANTE,,0.9,es,INNISFREE\Las antinomias entre el individuo y la sociedad — Georges Palante.jpg
Libertad o Confinamiento.webp,Libertad o confinamiento,Jeffrey Tucker,,0.9,es,INNISFREE\Libertad o Confinamiento.webp
Paraísos fiscales e infiernos tributarios — Martín Litwak.webp,PARAISOS FISCALES E INFERNOS TRIBUTARIOS,MARTIN LITWAK,UNA MIRADA DIFERENTE SOBRE LAS JURISDICCIONES OFFSHORE Y LA COMPETENCIA FISCAL,0.9,es,INNISFREE\Paraísos fiscales e infiernos tributarios — Martín Litwak.webp
Protocolo Malatesta.jpg,PROTOCOLO MALATESTA,PEDRO ARTURO AGUIRRE,,0.9,es,INNISFREE\Protocolo Malatesta.jpg
Instituciones Industriales - Spencer.jpg,INSTITUCIONES INDUSTRIALES,Herbert Spencer,,0.9,es,Instituciones Industriales - Spencer.jpg
Introducción al autoestrangulamiento del Estado del bienestar_.jpg,INTRODUCCIÓN AL AUTOESTRANGULAMIENTO,MARCOS G.D.,DEL ESTADO DE BIENESTAR,0.9,es,Introducción al autoestrangulamiento del Estado del bienestar_.jpg
La amenaza de huelga_.jpg,LA AMENAZA DE HUELGA,William H. Hutt,Consecuencias económicas de la contratación colectiva,0.9,es,La amenaza de huelga_.jpg
La batalla cultural_.jpg,LA BATALLA CULTURAL,CRISTIAN MORENO,LA IMPORTANCIA DE UN LIBERALISMO POPULAR,0.9,es,La batalla cultural_.jpg
La crisis del colectivismo.jpg,LA CRISIS DEL COLECTIVISMO,WILHELM RÖPKE,,0.9,es,La crisis del colectivismo.jpg
La era Milei - Philipp Bagus.jpg,La era Milei,Philipp Bagus,El despertar libertario,0.9,es,La era Milei - Philipp Bagus.jpg
La era Milei Philip Bagus.jpg,La era Milei,Philipp Bagus,El despertar libertario,0.9,es,La era Milei Philip Bagus.jpg
La Escuela Austriaca de Economía para Principiantes_.jpg,Escuela Austriaca de Economía,,Para Principiantes,0.7,es,La Escuela Austriaca de Economía para Principiantes_.jpg
"LA EVOLUCIÓN DE LA ECONOMÍA, Modelos de economía y tipos de mercado.jpg",LA EVOLUCION DE LA ECONOMÍA,SYDNEY D'AGVILO,Modelos de economía y tipos de mercado,0.9,es,"LA EVOLUCIÓN DE LA ECONOMÍA, Modelos de economía y tipos de mercado.jpg"
La innovación em Silicon Valley.jpg,LA INNOVACIÓN EN SILICON VALLEY,Diego F. Wartjes,Liderazgo con libertad,0.9,es,La innovación em Silicon Valley.jpg
La ley de hierro de la oligarquía_.jpg,La ley de hierro de la oligarquía,Dalmacio Negro,,0.9,es,La ley de hierro de la oligarquía_.jpg
"La libertad, liberal o libertaria.jpg","La libertad, ¿liberal o libertaria?",RAYMOND ARON,La Nueva Izquierda y las revueltas del 68,0.9,es,"La libertad, liberal o libertaria.jpg"
La singularidad tecnológica_.jpg,LA SINGULARIDAD TECNOLÓGICA,MURRAY SHANAHAN,,0.9,es,La singularidad tecnológica_.jpg
La sociedad degenerada_.jpg,LA SOCIEDAD DEGENERADA,SYDNEY D'AGVILO,La psicopatología de la mafia institucionalizada,0.9,es,La sociedad degenerada_.jpg
"La Teoria Austriaca del Valor, el Capital y el Interes.jpg","LA TEORÍA AUSTRIACA DEL VALOR, EL CAPITAL Y EL INTERÉS",Klaus H. Hennings,Vida y obra de Eugen von Böhm-Bawerk,0.9,es,"La Teoria Austriaca del Valor, el Capital y el Interes.jpg"
La teoría de la economía_.jpg,LA TEORÍA DE LA ECONOMÍA,Wilhelm Röpke,,0.9,es,La teoría de la economía_.jpg
La Teoría Interválica en Economía.jpg,LA TEORÍA INTERVÁLICA EN ECONOMÍA: EL MERCADO LIBRE,SYDNEY D'AGVILO,Epistemología y Fundamentos de Economía,0.9,es,La Teoría Interválica en Economía.jpg
La Tiranía de los Imbéciles - Carlos Prallong.jpg,LA TIRANÍA DE LOS IMBÉCILES,CARLOS PRALLONG,3.a EDICIÓN,0.9,es,La Tiranía de los Imbéciles - Carlos Prallong.jpg
Liberalismo en debate.jpg,Liberalismo en debate,Sebastián Hernán Erasun,"Política, filosofía y sociedad",0.9,es,Liberalismo en debate.jpg
Liberalismo para la Generación Z.jpg,LIBERALISMO,FRAN MARTOS,"Para la Generación z
Y el p*to coronavirus",0.9,es,Liberalismo para la Generación Z.jpg
Libertarianismo & Anarcocapitalismo_.jpg,LIBERTARIANISMO & ANARCOCAPITALISMO,Camilo Thudium; Vargas dos Santos,Sob a óptica da Ciência,0.9,es,Libertarianismo & Anarcocapitalismo_.jpg
Los Argumentos de la Libertad.webp,LOS ARGUMENTOS DE LA LIBERTAD,Karina Mariani; Cynthia Molinari; Diana Mondino; Alba Pérez Romero; María Zaldivar,,0.9,es,Los Argumentos de la Libertad.webp
Los límites del Keynesianismo.jpg,Los límites del keynesianismo,DOMINIC ALEXANDER,,0.9,es,Los límites del Keynesianismo.jpg
Los Mellizos Tuttle en Español_.jpg,Los Mellizos Tuttle y el Destino del Futuro,Connor Boyack,,0.9,es,Los Mellizos Tuttle en Español_.jpg
Manifiesto del Movimiento Nacional-Anarquista.webp,MANIFIESTO DEL MOVIMIENTO NACIONAL-ANARQUISTA,TROY SOUTHGATE,MÁS ALLÁ DE IZQUIERDAS Y DERECHAS,0.9,es,Manifiesto del Movimiento Nacional-Anarquista.webp
Manual de desobediencia civil_ como la lucha no-violenta será decisiva en este siglo.jpg,MANUAL DE DESOBEDIENCIA CIVIL,Mark Engler; Paul Engler,CÓMO LA LUCHA NOVOLENTA SERÁ DECISIVA EN ESTE SIGLO,0.9,es,Manual de desobediencia civil_ como la lucha no-violenta será decisiva en este siglo.jpg
Adam Smith_ 300 años_.jpg,ESTUDIOS PÚBLICOS,ADAM SMITH,NÚMERO ESPECIAL 2,0.9,es,Más\Adam Smith_ 300 años_.jpg
Adam Smith_ El hombre y sus obras.jpg,ADAM SMITH,E. G. WEST,EL HOMBRE Y SUS OBRAS,0.9,es,Más\Adam Smith_ El hombre y sus obras.jpg
Al rescate de un liberalismo perdido_.jpg,AL RESCATE DE UN LIBERALISMO PERDIDO,IGNACIO DE POSADAS MONTERO,,0.9,es,Más\Al rescate de un liberalismo perdido_.jpg
Análisis Económico del Derecho - Martín Krause.jpg,Análisis Económico del Derecho,Martin Krause; Ricardo M. Rojas; Eduardo Stordeur; Eliana M. Santantangelo; Eleonora Urrutia; Federico G. M. Sosa Valle; Pablo A. Iannello; Augusto C. Lapeyre; Ernesto G. Kilhne,Aplicación a Fallos Judiciales,0.9,es,Más\Análisis Económico del Derecho - Martín Krause.jpg
Apología del Liberalismo Económico.webp,APOLOGÍA DEL LIBERALISMO ECONÓMICO,JUAN FRANCISCO RAMOS MEJÍA (H),EL REMEDIO PARA LA ENFERMEDAD ARGENTINA,0.9,es,Más\Apología del Liberalismo Económico.webp
Bases liberales para un gobierno liberal.jpg,Bases liberales para un programa de gobierno,Alvaro C. Alsogaray,(1989-1995),0.9,es,Más\Bases liberales para un gobierno liberal.jpg
Camino Libertario y Anarquista.jpg,Camino Libertario y Anarquista,Sigfrido Losada Torreiro,,0.9,es,Más\Camino Libertario y Anarquista.jpg
CIUDAD-CENTRAL.jpg,CIUDAD CENTRAL,Carlos Losada,,0.9,es,Más\CIUDAD-CENTRAL.jpg
CONTRA LA IZQUIERDA.jpg,CONTRA LA IZQUIERDA,Carlos López Díaz; Francisco José Contreras,Escritos liberal-conservadores,0.9,es,Más\CONTRA LA IZQUIERDA.jpg
Del Microcosmos al Macrocosmos.jpg,Del Microcosmos al Macrocosmos,Serhat Demir,Búsqueda Colectiva de Libertad y Verdad...,0.9,es,Más\Del Microcosmos al Macrocosmos.jpg
Del Objetivismo de Ayn Rand a los cómics de Steve Ditko.jpg,Del Objetivismo de Ayn Rand a los cómics de Steve Ditko,Héctor Caño,Perspectiva contemporánea del héroe en Estados Unidos,1.0,es,Más\Del Objetivismo de Ayn Rand a los cómics de Steve Ditko.jpg
"Dinero, codicia y Dios.jpg","DINERO, CODICIA Y DIOS",JAY W. RICHARDS,POR QUÉ EL CAPITALISMO ES LA SOLUCIÓN Y NO EL PROBLEMA,0.9,es,"Más\Dinero, codicia y Dios.jpg"
Divagaciones de un Liberal Solitario_.jpg,DIVAGACIONES DE UN LIBERAL SOLITARIO,Enrique Arenz,,0.9,es,Más\Divagaciones de un Liberal Solitario_.jpg
Economía para cualquiera.jpg,ECONOMÍA,SEBASTIÁN IZQUIERDO,para cualquiera,0.9,es,Más\Economía para cualquiera.jpg
Educación ¿Estatal o particular_.jpg,EDUCACIÓN,John Bennett,¿estatal o... particular?,0.9,es,Más\Educación ¿Estatal o particular_.jpg
El Colapso de las Naciones Leopold Kohr.webp,EL COLAPSO DE LAS NACIONES,Leopold Kohr,,0.9,es,Más\El Colapso de las Naciones Leopold Kohr.webp
El futuro_.jpg,EL FUTURO,Nick Montfort,,0.9,es,Más\El futuro_.jpg
El lado oscuro de los libertarios.jpg,EL LADO OSCURO DE LOS LIBERTARIOS,PABLO VILLIZZIANTO,,0.9,es,Más\El lado oscuro de los libertarios.jpg
El Liberalismo Mexicano.jpg,EL LIBERALISMO MEXICANO,JESUS REYES HEROLES,La Integración de las Ideas,0.9,es,Más\El Liberalismo Mexicano.jpg
El liberalismo y los límites de la justicia_.jpg,El liberalismo y los límites de la justicia,Michael Sandel,,0.9,es,Más\El liberalismo y los límites de la justicia_.jpg
El modelo de la casa.jpg,EL MODELO DE LA CASA,Eduardo Ergueta; B. Keith Simerson,un modo más simple de pensar en organizaciones,0.9,es,Más\El modelo de la casa.jpg
El Retorno del Superhombre - Warren Orbaugh.jpg,El retorno del superhombre,WARREN ORBAUGH,,0.9,es,Más\El Retorno del Superhombre - Warren Orbaugh.jpg
El telón de acero.jpg,El telón de acero,Anne Applebaum,La destrucción de Europa del Este 1944-1956,0.9,es,Más\El telón de acero.jpg
El-octubre-chileno.jpg,El octubre chileno,Benjamín Ugalde; Felipe Schwember; Valentina Verbal; otros,Reflexiones sobre democracia y libertad,0.9,es,Más\El-octubre-chileno.jpg
En el acuario de Facebook_.jpg,EN EL ACUARIO DE FACEBOOK,Ippolita,EL RESISTIBLE ASCENSO DEL ANARCO-CAPITALISMO,0.9,es,Más\En el acuario de Facebook_.jpg
Ensayos en homenaje a Martin Krause.jpg,ENSAYOS EN HOMENAJE DE,MARTIN KRAUSE,,0.8,es,Más\Ensayos en homenaje a Martin Krause.jpg
IMG_20250415_154039.jpg,LA NUEVA DERECHA,Antonella Marty,"QUÉ ES, QUÉ DEFIENDE Y POR QUÉ REPRESENTA UNA AMENAZA PARA NUESTRAS DEMOCRACIAS",0.9,es,Más\IMG_20250415_154039.jpg
IMG_20250610_095039.jpg,La gran hambruna en la China de Mao,Frank Dikötter,Historia de la catástrofe más devastadora de China (1958-1962),0.9,es,Más\IMG_20250610_095039.jpg
IMG_20250610_122526.jpg,CHE,NICOLÁS MARQUEZ,El canalla,0.9,es,Más\IMG_20250610_122526.jpg
IMG_20250610_143911.jpg,LA DERECHA LIBERAL SÍ EXISTE,Hernán Larraín Matte,Una crónica personal,0.9,es,Más\IMG_20250610_143911.jpg
IMG_20250610_161254.jpg,Historia del Globalismo,Daniel López,,0.9,es,Más\IMG_20250610_161254.jpg
IMG_20250610_192636.jpg,Nacionalismo Contra Globalismo,Alfredo Jalife-Rahme,,0.9,es,Más\IMG_20250610_192636.jpg
IMG_20250610_192841.jpg,EL FENÓMENO MILEI,Alberto Mayol,LA MOTOSIERRA DEL ANARCOCAPITALISMO,0.9,es,Más\IMG_20250610_192841.jpg
Ingeniería social.jpg,ingeniería,SERGIO MELZNER,social,0.9,es,Más\Ingeniería social.jpg
La Envidia Igualitaria - Gonzalo Fernandez de la Mora.jpg,LA ENVIDIA IGUALITARIA,Gonzalo Fernández de la Mora; Pedro C. González Cuevas,El mal de nuestro tiempo: rechazar mérito y excelencia,0.9,es,Más\La Envidia Igualitaria - Gonzalo Fernandez de la Mora.jpg
La Posverdad Socialista.jpg,LA POSVERDAD SOCIALISTA,Alberto Benegas Lynch (h),,0.9,es,Más\La Posverdad Socialista.jpg
La-igualdad-liberal-3a-1.jpg,LA IGUALDAD LIBERAL,Lucia Santa Cruz,,1.0,es,Más\La-igualdad-liberal-3a-1.jpg
la-libertad-de-emision-del-dinero-bancario.jpg,LA LIBERTAD DE EMISIÓN DEL DINERO BANCARIO,GEORGE A. SELGIN; José Antonio de Aguirre,Crítica del monopolio del Banco Emisor Central,0.9,es,Más\la-libertad-de-emision-del-dinero-bancario.jpg
Las Oligarquías Reinantes - Alberto Benegas Lynch.jpg,Las oligarquías reinantes,Alberto Benegas Lynch (h),Discurso sobre el doble discurso,0.9,es,Más\Las Oligarquías Reinantes - Alberto Benegas Lynch.jpg
Las raíces totalitarias del fracaso argentino.jpg,LAS RAÍCES TOTALITARIAS DEL FRACASO ARGENTINO,Meir Zylberberg,LA TRIBUTACIÓN: SIGNO DE SERVIDUMBRE,0.9,es,Más\Las raíces totalitarias del fracaso argentino.jpg
Lecciones de historia del pensamiento político_.jpg,Lecciones de historia del pensamiento político,Michael Oakeshott; Francisco Javier López Alonso,Volumen I. Desde Grecia hasta la Edad Media,0.9,es,Más\Lecciones de historia del pensamiento político_.jpg
Liberalismo e inteligencia artificial_.jpg,Liberalismo e inteligencia artificial,Jorge Palomino,Un llamado a la libertad en el auge digital,0.9,es,Más\Liberalismo e inteligencia artificial_.jpg
Liberalismo vs. Socialismo_.jpg,LIBERALISMO,FERNANDO BROM,vs SOCIALISMO,0.9,es,Más\Liberalismo vs. Socialismo_.jpg
Liberalismo-para-padres.jpg,Liberalismo para padres,ROBERTO ZAPATA UGSTAD,"Cómo criar hijos que abracen su libertad, con responsabilidad",0.9,es,Más\Liberalismo-para-padres.jpg
Liberté manifeste.jpg,Liberté Manifeste,Stéphane Geyres,,0.9,fr,Más\Liberté manifeste.jpg
Libro Faltante.png,Libertad y socialismo,Jean Gustave Courcelle-Seneuil,,0.9,es,Más\Libro Faltante.png
Lo que todavía no se vé_.jpg,LO QUE TODAVÍA NO SE VE,GABRIEL RODRIGUEZ,NARRACIONES DE ECONOMÍA Y POLÍTICA,0.9,es,Más\Lo que todavía no se vé_.jpg
Los Aparatos Estatales nos Aplastan.jpg,LOS APARATOS ESTATALES NOS APLASTAN,Alberto Benegas Lynch (h),,0.9,es,Más\Los Aparatos Estatales nos Aplastan.jpg
Los Liberales somos Progresivos.jpg,LOS LIBERALES,Alberto Benegas Lynch (h),somos progresistas,0.9,es,Más\Los Liberales somos Progresivos.jpg
Manual de la perfecta libertaria.jpg,MANUAL DE LA PERFECTA LIBERTARIA,Natalia Rey Navarro,,1.0,es,Más\Manual de la perfecta libertaria.jpg
Marxismo y socialismo libertario.jpg,Marxismo y Socialismo Libertario,Daniel Guerin,,0.9,es,Más\Marxismo y socialismo libertario.jpg
Moral y capitalismo_.jpg,MORAL Y CAPITALISMO,HENRI DU PASSAGE,,0.9,es,Más\Moral y capitalismo_.jpg
Nómada Capitalista.jpg,NÓMADA CAPITALISTA,ANDREW HENDERSON,"Cómo reclamar su libertad con cuentas bancarias en el extranjero, una doble nacionalidad, compañías extranjeras e inversiones en otros países",0.9,es,Más\Nómada Capitalista.jpg
Objetivismo_ La Filosofía Benevolente - Warren Orbalich.jpg,OBJETIVISMO: LA FILOSOFÍA BENEVOLE,WARREN ORBAUGH,,0.9,es,Más\Objetivismo_ La Filosofía Benevolente - Warren Orbalich.jpg
Organizaciones exitosas_.jpg,Organizaciones Exitosas,Alejandro Mori,,0.9,es,Más\Organizaciones exitosas_.jpg
Patear el Tablero.webp,Patear el tablero,Santiago Berger; Luis Zibecchi,10 propuestas para el desarrollo y bienestar argentino,0.9,es,Más\Patear el Tablero.webp
Proceso al liberalismo.jpg,Proceso al liberalismo,Alain de Benoist; Jesús Sebastián Lorente,MANUAL PARA EL ANTILIBERAL DEL SIGLO XXI,0.9,es,Más\Proceso al liberalismo.jpg
Qué significa ser conservador_.jpg,QUÉ SIGNIFICA SER CONSERVADOR,RUSSELL KIRK; César Vidal,-EN 10 LECCIONES-,0.9,es,Más\Qué significa ser conservador_.jpg
relatos-polixxticamente-incorrectos.jpg,RELATOS POLÍTICAMENTE INCORRECTOS,SANCHO DE CARDONA,,0.9,es,Más\relatos-polixxticamente-incorrectos.jpg
Rumbo a la Libertad - Alvaro Vargas Llosa.jpg,Rumbo a la libertad,Álvaro Vargas Llosa,POR QUÉ LA IZQUIERDA Y EL “NEOLIBERALISMO” FRACASAN EN AMÉRICA LATINA,0.9,es,Más\Rumbo a la Libertad - Alvaro Vargas Llosa.jpg
Screenshot_2023-06-14-00-25-22-680_com.instagram.android.jpg,Bibliografía sobre la pena de muerte,Joel Feinberg; David Boonin; William Bailey; Louis Pojman; Jeffrey Reiman; John Dworkin; Stephen Nathanson; David Oderberg; Michael Huemer,,0.8,es,Más\Screenshot_2023-06-14-00-25-22-680_com.instagram.android.jpg
Sentido Común y Liberalismo Filosófico.jpg,Sentido Común y Liberalismo Filosófico,José Hernández Prado; José María Vigil; Antonio Caso,Una reflexión sobre el buen juicio a partir de Thomas Reid y sobre la sensatez liberal,0.9,es,Más\Sentido Común y Liberalismo Filosófico.jpg
Teoría de genero_.jpg,TEORÍA DE GÉNERO,Bérénice Levet,o el mundo soñado de los ángeles,0.9,es,Más\Teoría de genero_.jpg
Teoría económica subjetiva solidaria.jpg,Teoría económica subjetiva solidaria,Carlos Alberto Bondone; Juan Ramón Rallo,(TESS),0.9,es,Más\Teoría económica subjetiva solidaria.jpg
Un modelo liberal.jpg,UN MODELO LIBERAL,Juan Ramón Rallo,REALMENTE,0.9,es,Más\Un modelo liberal.jpg
Vacas sagradas en la mira.jpg,Vacas sagradas,Alberto Benegas Lynch (h),EN LA MIRA,0.9,es,Más\Vacas sagradas en la mira.jpg
O verdadeiro localismo.jpg,O verdadeiro localismo,Karl Hess; Agoristas Brasileiros,,0.9,pt,O verdadeiro localismo.jpg
81ft8kPcMNS._SY466_.jpg,ATT FÖRSTÅ ALTERNATIVHÖGERN,Jonas Nilsson; Anton Stigermark,,0.9,sv,Otros Idiomas\81ft8kPcMNS._SY466_.jpg
61-v2FD1P0L._SY425_.jpg,Libertärer Paternalismus,ROBERT NEUMANN,,0.9,de,Otros Idiomas\Alemán\61-v2FD1P0L._SY425_.jpg
81s-1mOKIjS._SY466_.jpg,ANARKO-FASCISM,JONAS NILSSON,NATUREN ÅTERFÖDD,0.9,sv,Otros Idiomas\Alemán\81s-1mOKIjS._SY466_.jpg
Agoristische Klassentheorie.jpg,AGORISTISCHE KLASSENTHEORIE,Wally Conger; Samuel Edward Konkin III; Brad Spangler,Ein linkslibertärer Ansatz zur Klassenkonfliktanalyse,0.9,de,Otros Idiomas\Alemán\Agoristische Klassentheorie.jpg
"Anti-Politik, Eine Sammlung agoristischer Texte.jpg",ANTI-POLITIK,Sal Mayweather,Eine Sammlung agoristischer Texte,0.9,de,"Otros Idiomas\Alemán\Anti-Politik, Eine Sammlung agoristischer Texte.jpg"
Bakunin und Mises in eine Front.jpg,Bakunin und Mises in eine Front!?,Michael von Prolliuss; Stefan Blankertz,Die Vincent-Sessions,0.9,de,Otros Idiomas\Alemán\Bakunin und Mises in eine Front.jpg
Ein liberales Manifest. Sieben Prinzipien und einige Klarstellungen.jpg,Ein liberales Manifest,MICHAEL VON PROLLIUS,Sieben Prinzipien und einige Klarstellungen,0.9,de,Otros Idiomas\Alemán\Ein liberales Manifest. Sieben Prinzipien und einige Klarstellungen.jpg
"Frei statt Staat. Selbsteigentum, Ethik und die Verfassung der Privatrechtsgesellschaft.jpg",FREI STATT STAAT!,Peter J. Preusse,"Selbst Eigentum, Ethik und die Verfassung der Privatrechtsgesellschaft",0.9,de,"Otros Idiomas\Alemán\Frei statt Staat. Selbsteigentum, Ethik und die Verfassung der Privatrechtsgesellschaft.jpg"
"Gegen Politik, Über die Regierung und die geordnete Anarchie.jpg",Gegen Politik,Anthony de Jasay,Über die Regierung und die geordnete Anarchie,0.9,de,"Otros Idiomas\Alemán\Gegen Politik, Über die Regierung und die geordnete Anarchie.jpg"
"Handeln und Erkennen, zur Kritik des Empirismus am Beispiel der Philosophie David Humes.jpg",Handeln und Erkennen,Hans-Hermann Hoppe,Zur Kritik des Empirismus am Beispiel der Philosophie David Humes,0.9,de,"Otros Idiomas\Alemán\Handeln und Erkennen, zur Kritik des Empirismus am Beispiel der Philosophie David Humes.jpg"
"Ludwig von Mises - Ein Lexikon, Von A wie Anarchismus bis Z wie Zwang.jpg",LUDWIG VON MISES,Michael Ladwig,EIN LÉXIKON,0.9,de,"Otros Idiomas\Alemán\Ludwig von Mises - Ein Lexikon, Von A wie Anarchismus bis Z wie Zwang.jpg"
"Manifest der neuen Libertären, Und die Geschichte der Bewegung in den USA.jpg",Manifest der neuen Libertären,Samuel Edward Konkin III,Und die Geschichte der Bewegung in den USA,0.9,de,"Otros Idiomas\Alemán\Manifest der neuen Libertären, Und die Geschichte der Bewegung in den USA.jpg"
Über den Demokratischen Undergang and die Wege aus der Ausweglosigkeit - Hoppe.jpg,Über den demokratischen Untergang und die Wege aus der Auswegslosigkeit,Hans-Hermann Hoppe,,0.9,de,Otros Idiomas\Alemán\Über den Demokratischen Undergang and die Wege aus der Ausweglosigkeit - Hoppe.jpg
De l_instruction obligatoire.jpg,De l'instruction obligatoire,Frédéric Passy; Gustave de Molinari,Discussion et documents complémentaires,0.9,fr,Otros Idiomas\Francés\De l_instruction obligatoire.jpg
Du réveil des consciences à la résistance civile.jpg,du RÉVEIL des CONSCIENCES,Derrick Broze; John Vibes,à la RÉSISTANCE CIVILE,0.9,fr,Otros Idiomas\Francés\Du réveil des consciences à la résistance civile.jpg
Esquisse de l’organisation politique et économique de la société future.jpg,Esquisse de l'organisation politique et économique de la société future,Gustave de MOLINARI,,0.9,fr,Otros Idiomas\Francés\Esquisse de l’organisation politique et économique de la société future.jpg
L_avenir anarchique et l_anarcho-capitalisme - Le monde néogandhien - Ravikumar Kurup.jpg,L'avenir anarchique et l'anarcho-capitalisme - Le monde néogandhien,Ravikumar Kurup,,0.9,fr,Otros Idiomas\Francés\L_avenir anarchique et l_anarcho-capitalisme - Le monde néogandhien - Ravikumar Kurup.jpg
"La Grande Fiction, Partie II.jpg",LA GRANDE FICTION,HANS-HERMANN HOPPE,PARTIE II MONNAIE ET ÉTAT,0.9,fr,"Otros Idiomas\Francés\La Grande Fiction, Partie II.jpg"
Les soirées de la rue Saint-Lazare_ entretiens sur les lois économiques et la défense de la propriété - Gustave de Molinari.jpg,LES SOIRÉES DE LA RUE SAINT-LAZARE: ENTRETIENS SUR LES LOIS ÉCONOMIQUES ET LA DÉFENSE DE LA PROPRIÉTÉ,GUSTAVE DE MOLINARI,,0.9,fr,Otros Idiomas\Francés\Les soirées de la rue Saint-Lazare_ entretiens sur les lois économiques et la défense de la propriété - Gustave de Molinari.jpg
"Libres d_Images, Aphorismes de Liberté mis en images.jpg",Libres d'Images,Stéphane Geyres,,0.9,fr,"Otros Idiomas\Francés\Libres d_Images, Aphorismes de Liberté mis en images.jpg"
Oeuvres complètes de Gustave de Molinari_ Volume 1.jpg,ŒUVRES COMPLÈTES,GUSTAVE DE MOLINARI,Volume I,0.9,fr,Otros Idiomas\Francés\Oeuvres complètes de Gustave de Molinari_ Volume 1.jpg
De staat voorbij.jpg,De STAAT voorbij,KAREL BECKMAN,,0.9,nl,Otros Idiomas\Holandes\De staat voorbij.jpg
IMG_20250610_152642.jpg,ANARCOCAPITALISMO,ATOS HENRIQUE FERNANDES,Um tratado,0.9,pt,Otros Idiomas\IMG_20250610_152642.jpg
IMG_20250610_160818.jpg,Jesus é um anarquista,James Redford,,0.9,pt,Otros Idiomas\IMG_20250610_160818.jpg
IMG_20250610_161235.jpg,O Guia de Ação da Aliança de Libertários do Acre,Luís Henrique da Silva,,0.9,pt,Otros Idiomas\IMG_20250610_161235.jpg
50 classici del pensiero liberale e libertario.jpg,50,Guglielmo Piombini,classici del pensiero liberale e libertario,0.9,it,Otros Idiomas\Italiano\50 classici del pensiero liberale e libertario.jpg
Abbasso lo Stato e la Democrazia.jpg,Abbasso lo Stato e la Democrazia,Hans-Hermann HOPPE; Carlo Lottieri; Raimondo Cubeddu; Luca Fursi; Davide Gordon; Novello Papafava,Scritti sui sistemi istituzionali moderni e il libertarismo,0.9,it,Otros Idiomas\Italiano\Abbasso lo Stato e la Democrazia.jpg
"Addio vecchie monete, è l’ora di Bitcoin.jpg",Addio vecchie monete,Giovanni Birindelli; Gerardo Coco,... è l'ora di Bitcoin,0.9,it,"Otros Idiomas\Italiano\Addio vecchie monete, è l’ora di Bitcoin.jpg"
Anthony de Jasay (Classici contemporanei Vol. 3).jpg,Anthony de Jasay,Giacomo Brioni,,0.9,it,Otros Idiomas\Italiano\Anthony de Jasay (Classici contemporanei Vol. 3).jpg
Collettivismo e libertà economica.webp,Collettivismo e libertà economica,Bruno Leoni,con una prefazione di Carlo Callieri,0.9,it,Otros Idiomas\Italiano\Collettivismo e libertà economica.webp
DAVID BOAZ – LIBERTARISMO.jpg,Libertarismo,David Boaz,Silloge,0.9,es,Otros Idiomas\Italiano\DAVID BOAZ – LIBERTARISMO.jpg
Duos Pontes.jpg,DUOS PONTES,Bruno Leoni,I ponti Fabricio e Cestio: le braccia con cui l’isola Tiberina si aggrappa alle sponde del Tevere,0.9,it,Otros Idiomas\Italiano\Duos Pontes.jpg
Etica Hacker e Anarco-Capitalismo.jpg,ETICA HACKER E ANARCO-CAPITALISMO,IPPOLITA,Scritti scelti,0.9,it,Otros Idiomas\Italiano\Etica Hacker e Anarco-Capitalismo.jpg
GUGLIELMO PIOMBINI – L’EPOPEA LIBERTARIA DEL FAR WEST - Guglielmo Piombini.jpg,L'epopea libertaria del Far West,Guglielmo Piombini; Terry Anderson; P.J. Hill,,0.9,it,Otros Idiomas\Italiano\GUGLIELMO PIOMBINI – L’EPOPEA LIBERTARIA DEL FAR WEST - Guglielmo Piombini.jpg
Il diritto come pretesa individuale.jpg,Il diritto come pretesa individuale,Bruno Leoni,,0.9,it,Otros Idiomas\Italiano\Il diritto come pretesa individuale.jpg
Il diritto come pretesa.jpg,Il diritto come pretesa,Bruno Leoni,,0.9,it,Otros Idiomas\Italiano\Il diritto come pretesa.jpg
Il federalismo libertario.jpg,Il federalismo libertario,Camillo Berneri,,0.9,it,Otros Idiomas\Italiano\Il federalismo libertario.jpg
Il pensiero libertario contemporaneo.jpg,Il pensiero libertario,Carlo Lottieri,contemporaneo,0.9,it,Otros Idiomas\Italiano\Il pensiero libertario contemporaneo.jpg
"La libertà del lavoro. Scritti su concorrenza, sciopero e serrata.jpg",La libertà del lavoro,Bruno Leoni; Carlo Lottieri; Sergio Ricossa,"Scritti su concorrenza, sciopero e serrata",0.9,it,"Otros Idiomas\Italiano\La libertà del lavoro. Scritti su concorrenza, sciopero e serrata.jpg"
La Libertà necessaria. Vademecum del libertario liberato.jpg,La Libertà necessaria,,Un Libertario Cristiano,0.7,it,Otros Idiomas\Italiano\La Libertà necessaria. Vademecum del libertario liberato.jpg
La teoria politica di Bruno Leoni.jpg,LA TEORIA POLITICA DI BRUNO LEONI,a cura di Antonio Masala; introduzione di Angelo Panebianco,,0.9,it,Otros Idiomas\Italiano\La teoria politica di Bruno Leoni.jpg
Lezioni di dottrina dello stato.jpg,Lezioni di dottrina dello Stato,Bruno Leoni; Raffaele De Mucci; Lorenzo Infantino,,0.9,it,Otros Idiomas\Italiano\Lezioni di dottrina dello stato.jpg
"Libero commercio, Cos’è e come ci rende tutti più ricchi.jpg",LIBERO COMMERCIO,DONALD J. BOUDREAUX,COS'È E COME CI RENDE TUTTI PIÙ RICCHI,0.9,it,"Otros Idiomas\Italiano\Libero commercio, Cos’è e come ci rende tutti più ricchi.jpg"
LiLibIt.net. Utopia di un cybermovimento liberale e libertario.jpg,LiLibIt.net,Sergio Fumich,Utopia di un cybermovimento liberale e libertario,0.9,it,Otros Idiomas\Italiano\LiLibIt.net. Utopia di un cybermovimento liberale e libertario.jpg
"Lo Stato (Mercato, Diritto e Libertà).jpg",Libertà,Anthony de Jasay,,0.9,it,"Otros Idiomas\Italiano\Lo Stato (Mercato, Diritto e Libertà).jpg"
Murray N. Rothbard (Classici contemporanei Vol. 5).jpg,MURRAY N. ROTHBARD,Roberta Adelaide Modugno,,0.9,it,Otros Idiomas\Italiano\Murray N. Rothbard (Classici contemporanei Vol. 5).jpg
"Opere complete. III, Lezioni di filosofia del diritto e di dottrina dello Stato.jpg",OPERE COMPLETE,Bruno Leoni,Lezioni di filosofia del diritto e di dottrina dello Stato,0.9,it,"Otros Idiomas\Italiano\Opere complete. III, Lezioni di filosofia del diritto e di dottrina dello Stato.jpg"
Per un liberalismo integrale.jpg,Per un liberalismo integrale,Bruno Leoni; Roberta Adelaide Modugno; Diana Thermes,,0.9,it,Otros Idiomas\Italiano\Per un liberalismo integrale.jpg
Per un Libertarismo vincente. Strategie politiche e culturali.jpg,Per un libertarismo vincente,Beniamino Di Martino,Strategie politiche e culturali,0.9,it,Otros Idiomas\Italiano\Per un Libertarismo vincente. Strategie politiche e culturali.jpg
Sciopero e serrata.jpg,Sciopero e serrata,Bruno Leoni,,0.9,it,Otros Idiomas\Italiano\Sciopero e serrata.jpg
Scritti di scienza politica e teoria del diritto.jpg,Scritti,Bruno Leoni,di scienza politica e teoria del diritto,0.9,it,Otros Idiomas\Italiano\Scritti di scienza politica e teoria del diritto.jpg
Une réponse juive à l_anarcho-capitalisme_ Judéo-économie - Richard Sitbon.jpg,Une réponse juive à l'anarcho-capitalisme,Richard SITBON,Judéo-économie,0.9,fr,Otros Idiomas\Italiano\Une réponse juive à l_anarcho-capitalisme_ Judéo-économie - Richard Sitbon.jpg
"Éclairs de Liberté, Recueil.jpg",Éclairs de Liberté,Stéphane Geyres,Recueil,0.9,fr,"Otros Idiomas\Italiano\Éclairs de Liberté, Recueil.jpg"
Libertá e instituzioni nella cittá volontaria.jpg,Libertà e istituzioni nella città volontaria,Grazia Brunetta; Stefano Moroni,,0.9,it,Otros Idiomas\Libertá e instituzioni nella cittá volontaria.jpg
O Manifesto Libertário.jpg,O Manifesto Libertário,David Boaz,,0.9,pt,Otros Idiomas\Portugués\O Manifesto Libertário.jpg
"Red Teaming, théorie des jeux, panpsychisme et perception quantique - Ravikumar Kurup.jpg","Red Teaming, théorie des jeux, panpsychisme et perception quantique",Ravikumar Kurup; Parameswara Achutha Kurup,,0.9,fr,"Otros Idiomas\Red Teaming, théorie des jeux, panpsychisme et perception quantique - Ravikumar Kurup.jpg"
"Murray Rothbard, Liberteryen Gelenekte ve Siyaset Felsefesindeki Yeri.jpg",Murray N. Rothbard,Ahmet Taner,Liberal Gelenekte ve Siyaset Felsefesindeki Yeri,0.9,tr,"Otros Idiomas\Turco\Murray Rothbard, Liberteryen Gelenekte ve Siyaset Felsefesindeki Yeri.jpg"
"Pequeños estados, grandes posibilidades_.jpg",ESTADOS PEQUEÑOS. GRANDES POSIBILIDADES,ANDREAS MARQUART; PHILIPP BAGUS,POR QUÉ LOS ESTADOS PEQUEÑOS SON SIMPLEMNTE MEJORES,0.9,es,"Pequeños estados, grandes posibilidades_.jpg"
Por qué está bien querer ser rico.jpg,POR QUÉ ESTÁ BIEN QUERER,JASON BRENNAN,SER RICO,0.9,es,Por qué está bien querer ser rico.jpg
Proudhon Federalismo y Mutualismo Anarquistas.jpg,Proudhon,Florentino Iglesias,Federalismo y mutualismo anarquistas,0.9,es,Proudhon Federalismo y Mutualismo Anarquistas.jpg
Proyecto de Estado Demarquía y Monarquía_.jpg,Demarquía y Minarquismo,Luis Alejandro Sellis Zeballos,"Menos Estado, Mayor Libertad",0.9,es,Proyecto de Estado Demarquía y Monarquía_.jpg
Radiografía del Progre Woke.jpg,Radiografía del Progre Woke,Javier Bengoa,,0.9,es,Radiografía del Progre Woke.jpg
Secretos a Voces.jpg,Secretos a Voces,Ken Knabb,,0.9,es,Secretos a Voces.jpg
Spencer - Instituciones Sociales.png,INSTITUCIONES SOCIALES,H. Spencer,,0.9,es,Spencer - Instituciones Sociales.png
Teoría del Estado en tiempos de la cuarta revolución industrial_.jpg,Teoría del Estado,José Ricardo Pierpauli,en tiempos de la Cuarta Revolución Industrial,0.9,es,Teoría del Estado en tiempos de la cuarta revolución industrial_.jpg
Transhumanismo y ciudades de quince minutos_.jpg,Transhumanismo,José Ricardo Pierpauli,Y ciudades de quince minutos,0.9,es,Transhumanismo y ciudades de quince minutos_.jpg
Un anarquista de derechas (Luis Antonio de Villenas).jpeg,BAROJA,Luis Antonio de Villena,(& YO),0.9,es,Un anarquista de derechas (Luis Antonio de Villenas).jpeg
Un libertario quasi cristiano.jpg,Un libertario quasi cristiano,Murray N. Rothbard; Beniamino Di Martino,Il percorso culturale di,0.9,it,Un libertario quasi cristiano.jpg
Un mundo contaminado - José Benegas_.jpg,UN MUNDO CONTAMINADO,JOSÉ BENEGAS,IDEAS TÓXICAS DE IZQUIERDA Y DERECHA QUE ACOSAN A LAS SOCIEDADES ABIERTAS Y AMENAZAN NUESTRAS DEMOCRACIAS,0.9,es,Un mundo contaminado - José Benegas_.jpg
Una Evolución al Nacional Anarquismo.webp,UNA EVOLUCIÓN AL NACIONAL-ANARQUISMO,LEÓN DARÍO ZURBANO GUTIÉRREZ,,0.9,es,Una Evolución al Nacional Anarquismo.webp
Una reflexión sobre el anarquismo gitano - Rafael Buhigas.gif,UNA REFLEXIÓN SOBRE EL ANARQUISMO GITANO,Rafael Buhigas,,0.9,es,Una reflexión sobre el anarquismo gitano - Rafael Buhigas.gif
Utopia Salvaje - Darcy Ribeiro.jpg,UTOPIA SALVAJE,darcy ribeiro,Nostalgias de la inocencia perdida Una fábula,0.9,es,Utopia Salvaje - Darcy Ribeiro.jpg
¿Anarquismo Gitano_.jpg,¿Anarquismo gitano?,Silvia Agüero Fernández; Nicolás Jiménez González,,0.9,es,¿Anarquismo Gitano_.jpg
